ID,Experience (years),Degree,Field,Python,Project Mgmt,Data Analysis,English,Languages,Certification Score,Soft Skills Score
1,7,0,4,1,1,1,1,4,2,1
2,7,1,0,0,0,0,1,5,5,9
3,9,0,2,0,1,0,1,4,7,1
4,5,1,3,1,1,1,1,3,8,5
5,17,0,1,1,1,1,1,3,2,7
6,4,2,2,0,0,1,1,4,0,3
7,19,2,1,1,1,1,1,4,8,9
8,2,1,3,0,0,0,1,4,1,7
9,1,0,4,0,1,0,1,3,6,10
10,9,1,2,1,0,0,1,5,0,1
11,10,3,1,1,1,0,1,3,8,10
12,0,2,3,0,0,0,1,1,10,7
13,5,2,4,1,1,0,1,2,8,1
14,19,2,1,1,1,1,1,2,0,10
15,10,3,1,1,0,1,1,3,6,10
16,3,3,2,1,1,1,1,2,5,0
17,0,1,2,0,1,0,1,5,4,5
18,0,1,3,0,0,1,1,3,8,6
19,0,3,3,1,0,1,1,5,4,4
20,13,2,0,1,1,1,1,4,0,6
21,3,0,2,1,1,1,1,1,8,6
22,14,3,4,1,1,0,1,3,3,3
23,15,0,0,0,1,0,1,5,4,3
24,16,2,1,0,0,1,1,4,10,3
25,12,2,3,1,0,0,1,4,10,4
26,5,2,2,0,1,0,1,3,0,2
27,16,1,2,0,1,1,1,4,7,9
28,10,0,0,1,0,1,1,5,2,3
29,20,1,0,0,0,1,1,2,1,0
30,7,3,1,0,0,1,1,5,6,9
31,15,0,4,1,0,0,1,3,5,1
32,13,2,2,1,0,1,1,1,3,5
33,1,2,0,1,1,1,1,3,5,8
34,13,3,3,0,1,1,1,2,3,9
35,15,0,3,0,1,1,1,3,4,6
36,17,3,3,0,0,1,1,5,9,6
37,15,1,0,1,1,1,1,1,0,8
38,0,0,4,1,0,0,1,5,6,10
39,17,2,4,0,0,0,1,3,4,1
40,7,1,4,1,1,1,1,2,6,5
41,0,1,2,0,1,1,1,4,8,2
42,13,1,0,1,1,1,1,2,3,6
43,1,0,1,1,0,0,1,2,3,1
44,20,0,2,0,0,1,1,2,7,4
45,17,1,4,1,1,1,1,1,0,10
46,16,2,2,1,0,1,1,3,1,4
47,10,1,3,1,1,1,1,5,10,10
48,10,0,0,1,0,0,1,2,0,10
49,5,2,0,0,0,1,1,3,5,8
50,14,1,0,1,1,1,1,1,1,1
51,0,1,0,1,0,1,1,1,7,4
52,16,0,1,1,0,1,1,4,5,3
53,9,3,2,0,1,0,1,5,3,8
54,19,0,1,0,0,0,1,5,1,0
55,16,1,3,0,0,0,1,5,9,9
56,6,2,2,1,0,1,1,2,6,2
57,5,1,3,0,0,0,1,4,0,7
58,19,0,3,1,1,1,1,2,1,1
59,20,3,3,1,0,1,1,4,1,7
60,12,2,4,0,1,1,1,5,7,2
61,19,0,4,0,0,1,1,5,0,3
62,1,3,1,1,1,0,1,3,1,5
63,7,2,0,1,0,0,1,3,6,8
64,7,2,3,0,0,1,1,2,1,2
65,2,3,1,1,1,0,1,4,10,8
66,10,0,2,0,1,1,1,5,4,4
67,8,1,1,1,0,0,1,3,10,1
68,0,3,0,1,0,1,1,2,8,5
69,3,1,0,1,1,0,1,3,2,5
70,17,3,3,0,1,1,1,5,0,0
71,8,0,3,1,1,0,1,5,3,6
72,1,2,3,1,1,0,1,3,1,9
73,11,3,4,0,0,0,1,2,0,6
74,8,0,3,1,1,1,1,1,0,3
75,11,1,2,0,0,1,1,2,10,6
76,12,2,0,1,0,1,1,3,10,1
77,9,0,1,1,0,0,1,5,1,10
78,15,1,4,0,0,0,1,2,3,1
79,1,3,0,1,1,0,1,3,4,8
80,17,0,0,1,0,0,1,1,7,1
81,1,2,3,1,1,0,1,2,8,8
82,1,3,1,1,0,0,1,2,8,4
83,17,0,1,0,1,1,1,3,10,2
84,9,2,3,1,1,0,1,2,6,2
85,19,3,2,1,0,1,1,5,9,1
86,3,2,1,0,0,0,1,2,8,7
87,1,0,0,1,0,0,1,5,0,5
88,9,0,2,0,1,0,1,2,2,9
89,1,2,2,1,1,1,1,4,7,7
90,1,2,2,0,1,0,1,4,4,2
91,13,3,2,0,1,0,1,1,8,8
92,11,0,0,1,0,0,1,2,10,0
93,13,1,4,0,1,0,1,5,5,10
94,20,1,4,0,0,0,1,2,5,6
95,1,0,3,1,0,0,1,1,2,2
96,2,0,2,1,1,0,1,2,9,2
97,19,0,0,0,0,0,1,2,7,6
98,5,3,2,1,1,1,1,2,0,6
99,9,3,1,1,1,0,1,3,5,5
100,5,0,0,0,0,1,1,1,1,9
101,5,1,1,1,1,0,1,3,10,0
102,14,2,3,1,0,1,1,3,6,6
103,9,0,3,0,0,0,1,1,0,6
104,7,3,1,0,0,0,1,5,1,6
105,15,2,4,0,0,1,1,3,7,3
106,6,2,2,0,0,0,1,4,0,7
107,11,2,4,0,1,1,1,5,7,7
108,15,3,4,0,0,0,1,3,5,2
109,7,0,4,1,0,0,1,3,1,9
110,9,3,4,1,1,1,1,5,3,5
111,12,1,1,0,0,1,1,5,6,6
112,8,3,0,0,0,0,1,1,2,8
113,4,2,4,0,0,0,1,3,3,0
114,2,1,1,0,1,1,1,4,1,8
115,1,2,4,1,0,0,1,2,0,9
116,16,1,3,1,0,0,1,1,6,5
117,11,2,1,0,1,0,1,4,6,9
118,11,2,3,1,0,1,1,4,3,3
119,1,3,4,1,0,1,1,3,2,4
120,15,0,1,1,0,0,1,2,8,2
121,4,2,4,1,0,1,1,4,8,10
122,18,2,1,0,1,1,1,4,3,9
123,4,1,4,1,1,0,1,3,7,8
124,11,2,4,0,1,1,1,5,3,9
125,8,3,2,1,1,0,1,4,4,6
126,9,3,1,1,1,1,1,5,9,10
127,1,1,3,1,1,0,1,3,5,3
128,8,3,1,1,0,1,1,3,2,0
129,13,2,0,0,0,0,1,4,0,10
130,13,0,1,0,0,0,1,3,6,9
131,0,3,1,0,0,0,1,2,2,6
132,0,3,4,0,0,1,1,1,10,1
133,7,3,1,1,0,0,1,1,4,4
134,20,0,0,0,1,1,1,4,6,6
135,2,0,1,1,1,0,1,1,4,3
136,3,2,2,1,0,0,1,4,1,7
137,10,1,4,1,1,0,1,4,7,10
138,13,0,1,1,1,0,1,1,0,5
139,3,3,2,0,1,1,1,1,2,6
140,15,0,1,1,1,0,1,4,7,3
141,3,3,3,1,1,0,1,4,4,5
142,1,1,2,0,0,0,1,1,9,1
143,0,0,3,0,0,0,1,2,3,1
144,14,2,4,1,1,0,1,3,10,3
145,12,3,0,1,0,0,1,1,0,5
146,8,2,3,1,0,1,1,4,7,4
147,11,3,3,0,0,1,1,5,9,7
148,10,2,1,1,0,0,1,3,1,3
149,18,3,4,1,0,1,1,1,4,3
150,0,0,2,1,0,1,1,2,10,7
151,12,2,0,1,1,1,1,2,9,6
152,18,3,0,1,1,0,1,2,6,3
153,8,1,1,0,0,0,1,5,9,8
154,17,1,4,0,0,0,1,5,6,0
155,18,0,2,1,1,0,1,4,5,10
156,17,3,0,0,1,0,1,5,0,4
157,0,2,3,1,1,0,1,3,1,5
158,11,0,4,0,1,1,1,5,6,1
159,15,1,1,0,0,1,1,4,0,4
160,1,0,0,0,1,1,1,1,5,1
161,4,3,1,1,0,0,1,4,6,8
162,11,3,3,0,0,1,1,4,9,1
163,17,2,3,1,0,1,1,1,10,0
164,17,0,0,0,0,1,1,1,7,0
165,3,1,3,0,1,1,1,3,5,1
166,11,1,1,0,0,1,1,5,1,10
167,17,0,3,1,1,1,1,2,10,9
168,14,2,4,0,1,0,1,4,10,8
169,2,1,1,0,1,1,1,2,4,6
170,6,0,2,0,1,1,1,5,9,5
171,19,1,0,1,0,1,1,4,6,9
172,17,0,3,0,0,0,1,3,4,5
173,10,0,3,0,1,1,1,3,9,5
174,14,3,1,0,1,0,1,3,6,3
175,13,3,2,1,1,0,1,4,2,0
176,20,1,3,0,1,0,1,1,4,5
177,2,1,4,0,1,1,1,4,8,0
178,20,3,3,0,0,1,1,3,4,10
179,14,3,2,1,0,1,1,4,8,8
180,13,2,1,1,0,1,1,2,4,1
181,11,3,4,0,0,0,1,2,8,3
182,16,3,3,0,0,1,1,1,4,6
183,1,1,2,0,1,1,1,5,9,8
184,8,2,0,0,0,1,1,2,5,9
185,1,0,0,1,0,0,1,1,4,2
186,18,2,1,1,0,0,1,5,5,10
187,16,1,4,0,1,1,1,2,4,7
188,18,0,2,1,1,0,1,4,2,9
189,6,1,3,1,0,0,1,5,4,8
190,16,2,1,1,0,0,1,3,9,5
191,8,3,0,0,0,0,1,4,10,4
192,16,3,4,1,0,1,1,3,0,2
193,1,2,1,1,1,0,1,3,1,6
194,6,3,3,0,0,1,1,5,2,1
195,7,1,0,0,1,0,1,1,1,2
196,3,2,4,1,1,0,1,4,6,5
197,16,2,3,1,0,1,1,4,9,1
198,1,1,2,0,0,0,1,5,6,2
199,16,1,2,0,0,0,1,1,5,0
200,3,0,2,1,0,1,1,4,2,6
201,9,2,3,0,1,0,1,4,4,9
202,14,3,2,1,1,0,1,3,5,8
203,16,2,2,0,0,0,1,5,1,0
204,2,2,0,1,1,1,1,2,7,3
205,4,2,2,0,1,1,1,4,5,6
206,6,3,0,1,0,1,1,1,6,5
207,10,2,2,1,0,0,1,2,0,9
208,16,0,3,0,1,0,1,5,5,0
209,19,0,0,1,0,0,1,3,2,6
210,11,3,0,1,0,0,1,5,7,6
211,15,2,1,1,1,0,1,4,5,7
212,2,0,4,0,0,1,1,5,7,7
213,8,1,1,0,1,1,1,3,0,4
214,6,0,2,0,0,1,1,4,7,1
215,7,1,4,1,0,0,1,5,7,5
216,11,1,2,0,1,0,1,2,10,10
217,0,1,1,1,0,1,1,5,6,5
218,1,1,4,1,1,1,1,5,0,10
219,3,1,0,1,1,0,1,3,2,7
220,14,3,1,1,1,0,1,2,7,0
221,10,1,1,0,0,1,1,4,0,1
222,8,1,1,1,0,0,1,2,10,5
223,17,2,1,1,0,1,1,3,0,10
224,2,3,3,1,0,1,1,5,9,7
225,14,2,3,0,0,1,1,4,4,0
226,7,0,1,0,1,0,1,1,0,4
227,8,1,1,0,1,1,1,1,5,6
228,11,2,1,0,1,0,1,4,9,6
229,14,2,0,1,0,0,1,3,7,2
230,11,1,3,1,1,0,1,5,0,8
231,14,0,4,0,1,1,1,4,5,1
232,18,0,4,1,0,1,1,4,10,10
233,2,1,1,1,1,1,1,3,5,6
234,8,3,2,1,0,0,1,5,2,1
235,12,0,0,1,0,0,1,3,4,7
236,5,0,1,1,1,0,1,5,1,5
237,20,2,1,0,0,1,1,2,2,1
238,9,2,1,0,0,1,1,1,1,4
239,3,3,0,1,1,1,1,5,2,1
240,17,3,0,0,1,1,1,2,0,10
241,9,0,0,1,0,0,1,4,6,3
242,6,3,3,0,0,1,1,5,1,7
243,7,0,2,0,1,0,1,2,2,4
244,4,3,2,1,0,1,1,1,0,1
245,14,2,2,0,0,0,1,1,7,7
246,15,0,1,1,0,0,1,3,6,6
247,17,2,0,0,0,1,1,5,9,6
248,1,3,4,0,0,1,1,2,3,8
249,20,2,1,1,1,0,1,2,8,4
250,1,2,4,0,0,0,1,2,8,0
251,18,1,0,0,0,0,1,3,9,4
252,7,0,1,1,1,0,1,1,4,10
253,11,0,1,0,0,0,1,4,2,1
254,7,2,0,0,1,1,1,1,9,3
255,0,1,2,1,0,0,1,4,10,1
256,14,0,2,0,0,0,1,4,7,1
257,15,0,3,0,1,0,1,5,8,6
258,2,2,2,1,0,1,1,4,0,4
259,16,2,3,0,1,1,1,5,2,6
260,14,2,3,0,0,1,1,5,6,9
261,20,0,0,0,0,1,1,2,8,1
262,1,1,2,0,0,1,1,1,8,1
263,19,3,1,1,0,1,1,3,2,8
264,4,2,1,0,1,0,1,4,5,0
265,4,1,2,1,0,1,1,2,10,1
266,15,0,0,0,0,0,1,5,5,1
267,7,0,4,1,1,1,1,4,3,7
268,19,0,4,1,1,1,1,2,6,4
269,15,0,0,0,1,1,1,2,8,7
270,5,3,0,1,0,0,1,4,8,5
271,15,1,2,0,1,1,1,4,2,4
272,6,0,1,1,0,1,1,3,5,1
273,7,0,4,0,0,0,1,5,9,8
274,11,2,0,1,0,0,1,2,8,8
275,15,1,1,1,1,0,1,3,6,0
276,9,0,1,0,0,1,1,1,1,1
277,12,2,2,1,0,1,1,4,2,8
278,12,0,1,0,1,0,1,5,5,8
279,2,2,0,1,0,0,1,1,6,9
280,16,1,4,1,1,0,1,2,0,9
281,9,3,2,0,0,0,1,2,2,0
282,1,3,2,0,0,1,1,4,6,0
283,4,2,1,0,1,1,1,2,8,4
284,6,1,4,1,0,1,1,5,9,5
285,2,0,0,0,1,0,1,4,1,4
286,2,3,4,1,1,1,1,1,4,8
287,3,1,3,0,0,1,1,4,6,9
288,18,3,3,1,1,0,1,5,1,5
289,0,3,4,0,0,0,1,1,8,9
290,17,0,0,1,0,0,1,2,3,10
291,18,3,0,0,0,1,1,3,8,10
292,0,0,2,1,1,1,1,4,6,7
293,11,0,2,0,0,0,1,5,10,0
294,16,1,4,0,1,0,1,2,1,8
295,5,3,3,1,1,0,1,3,7,5
296,20,0,3,0,1,0,1,4,5,4
297,5,3,0,1,1,1,1,5,7,6
298,20,3,0,1,1,1,1,1,1,1
299,13,1,2,1,0,1,1,3,5,1
300,2,1,2,1,1,1,1,5,9,1
301,5,0,0,0,0,1,1,5,5,9
302,10,1,0,0,1,1,1,4,2,2
303,18,2,0,0,1,0,1,2,2,6
304,20,1,2,0,1,1,1,1,3,8
305,5,1,2,0,1,1,1,1,5,2
306,0,2,2,0,1,0,1,5,3,0
307,3,2,3,1,1,0,1,4,2,0
308,7,0,3,1,1,0,1,2,8,7
309,4,1,0,1,0,0,1,2,10,2
310,1,0,0,0,0,1,1,5,2,9
311,20,3,2,1,0,1,1,1,0,4
312,18,0,1,0,1,0,1,5,9,3
313,2,3,3,0,1,0,1,1,10,0
314,13,1,3,1,0,0,1,2,7,2
315,4,1,3,0,0,1,1,3,1,10
316,12,0,0,0,1,1,1,1,10,8
317,7,0,3,0,0,0,1,4,9,10
318,5,3,0,1,0,1,1,5,5,8
319,10,2,1,1,0,1,1,2,7,2
320,10,2,2,1,1,1,1,5,10,1
321,17,1,3,0,0,0,1,4,9,9
322,1,0,4,1,1,0,1,3,9,0
323,9,1,2,1,0,0,1,4,1,1
324,10,3,4,1,1,1,1,5,0,10
325,4,0,1,0,1,1,1,4,8,6
326,19,1,4,0,0,0,1,4,2,8
327,16,0,3,1,1,0,1,1,5,0
328,7,1,3,1,0,1,1,3,8,2
329,0,3,1,0,1,0,1,1,3,8
330,10,2,3,0,1,0,1,4,8,5
331,14,2,0,1,0,0,1,4,0,8
332,10,2,2,0,0,0,1,2,2,8
333,3,2,3,1,0,0,1,3,6,7
334,9,1,2,0,0,0,1,3,3,1
335,3,2,2,1,1,1,1,2,5,6
336,11,3,2,0,1,0,1,5,1,10
337,4,3,0,0,0,1,1,3,5,1
338,7,0,2,1,1,0,1,3,3,8
339,2,2,4,1,0,1,1,1,7,9
340,12,0,2,0,0,0,1,1,1,0
341,3,2,1,0,1,0,1,1,9,10
342,15,0,4,1,1,0,1,1,10,3
343,10,3,1,0,1,1,1,4,9,9
344,17,0,0,0,1,0,1,4,2,5
345,7,1,4,1,0,1,1,2,10,10
346,15,0,4,0,1,1,1,4,3,7
347,10,2,3,1,1,1,1,4,0,0
348,19,0,2,0,1,0,1,2,3,5
349,4,2,1,0,1,0,1,3,9,0
350,0,2,3,1,1,0,1,1,6,6
351,2,1,4,1,0,0,1,4,9,7
352,3,2,2,1,1,0,1,1,9,1
353,13,2,0,1,1,0,1,5,7,1
354,5,2,1,0,1,0,1,3,7,4
355,14,1,2,0,1,1,1,2,6,6
356,0,2,3,0,1,0,1,5,6,6
357,15,3,1,0,1,0,1,2,7,3
358,16,3,1,1,1,0,1,1,4,8
359,7,2,1,0,1,0,1,1,4,4
360,9,3,3,0,1,1,1,1,1,7
361,13,1,1,1,0,0,1,4,1,6
362,10,3,4,0,0,0,1,3,0,9
363,6,0,3,0,0,0,1,4,3,8
364,13,0,1,1,0,1,1,4,2,2
365,16,0,1,1,0,0,1,2,3,5
366,19,0,1,1,1,0,1,5,3,4
367,3,0,1,0,0,1,1,3,2,6
368,10,3,4,1,1,1,1,4,8,7
369,7,2,4,0,1,0,1,5,1,9
370,8,3,3,1,0,0,1,3,8,6
371,13,0,0,1,1,1,1,1,3,0
372,14,0,0,1,1,1,1,4,0,1
373,1,3,4,1,1,0,1,3,3,2
374,17,1,1,1,0,0,1,4,1,2
375,5,2,1,0,1,0,1,4,3,4
376,13,0,4,0,0,0,1,3,0,6
377,5,0,2,0,0,0,1,4,8,7
378,5,2,0,0,1,0,1,4,10,3
379,6,3,3,0,1,0,1,4,10,10
380,15,2,0,1,0,1,1,4,9,5
381,10,3,0,0,1,0,1,4,9,5
382,1,3,3,0,0,1,1,2,0,6
383,14,2,3,1,0,1,1,4,10,9
384,4,0,2,0,1,0,1,5,4,4
385,18,3,3,1,1,0,1,2,7,1
386,9,1,2,1,1,0,1,3,3,1
387,6,2,3,0,0,0,1,2,1,10
388,8,0,3,0,0,1,1,5,8,4
389,1,3,1,1,1,1,1,2,3,5
390,12,3,4,0,0,0,1,4,4,1
391,19,1,2,0,1,0,1,2,9,6
392,10,1,1,0,1,0,1,2,2,0
393,20,0,1,1,1,0,1,1,9,10
394,13,2,2,0,0,1,1,3,1,1
395,8,1,3,1,0,0,1,5,9,7
396,4,2,1,0,1,1,1,3,0,0
397,13,3,1,1,1,0,1,3,10,3
398,17,0,3,1,0,0,1,4,5,2
399,2,2,2,0,0,0,1,4,4,8
400,13,3,4,0,0,1,1,4,6,8
401,11,3,2,0,1,0,1,5,5,10
402,20,2,0,0,1,0,1,1,3,9
403,0,3,2,0,0,0,1,2,1,1
404,17,1,3,1,1,1,1,3,8,9
405,13,1,3,0,1,1,1,5,10,3
406,18,1,3,1,1,0,1,4,1,7
407,11,2,2,1,0,0,1,4,5,6
408,20,2,4,1,0,0,1,3,2,0
409,8,3,3,1,0,0,1,1,10,3
410,17,0,4,1,1,0,1,4,10,9
411,10,3,4,0,0,1,1,4,5,9
412,14,1,1,1,0,1,1,3,5,1
413,15,3,3,1,1,1,1,5,9,4
414,13,1,3,1,0,0,1,4,1,4
415,17,1,1,0,0,1,1,2,0,7
416,1,3,0,0,1,1,1,2,10,8
417,0,3,0,1,1,1,1,5,9,4
418,2,2,3,1,1,1,1,1,2,1
419,18,0,4,1,1,1,1,1,1,8
420,1,3,2,0,0,0,1,4,10,4
421,16,1,3,1,0,0,1,2,3,8
422,12,1,2,0,1,0,1,2,10,8
423,11,3,4,0,1,0,1,5,1,4
424,13,0,3,1,0,0,1,3,7,1
425,19,3,1,0,0,0,1,4,7,4
426,18,2,2,1,1,0,1,1,5,9
427,11,0,0,1,0,0,1,3,4,1
428,8,3,1,0,1,0,1,3,2,6
429,13,1,3,0,1,1,1,2,1,9
430,9,0,0,0,0,1,1,2,2,2
431,9,1,4,0,1,1,1,1,1,6
432,19,0,1,1,0,0,1,5,5,2
433,2,0,3,1,0,1,1,4,8,4
434,10,3,2,1,0,1,1,4,6,8
435,10,2,1,1,0,0,1,4,8,5
436,16,2,3,1,1,0,1,1,2,5
437,5,3,0,1,0,1,1,5,0,9
438,9,0,4,1,1,1,1,1,9,1
439,17,0,1,1,1,1,1,3,10,1
440,18,1,0,0,0,1,1,1,1,10
441,13,3,0,0,0,0,1,3,3,5
442,7,3,4,1,0,1,1,1,10,2
443,3,1,3,1,1,0,1,1,1,1
444,14,2,1,1,0,0,1,1,3,5
445,16,2,3,1,0,0,1,3,4,8
446,9,2,2,1,0,0,1,4,0,9
447,2,2,3,1,0,0,1,3,10,8
448,14,0,4,1,1,1,1,2,5,7
449,10,2,0,0,1,0,1,1,10,7
450,19,1,1,1,1,0,1,1,4,7
451,12,3,2,1,0,1,1,1,2,5
452,3,2,1,1,1,1,1,5,6,2
453,12,2,4,1,1,0,1,1,1,4
454,3,2,4,0,1,0,1,5,7,3
455,17,2,0,0,1,0,1,5,8,3
456,6,2,1,1,1,1,1,4,2,2
457,1,1,0,1,1,1,1,4,7,2
458,13,3,1,0,0,1,1,4,0,3
459,15,3,2,1,0,1,1,2,5,1
460,3,2,0,0,0,0,1,5,0,3
461,4,0,2,1,1,0,1,5,0,0
462,2,1,1,0,0,0,1,3,10,2
463,16,1,4,1,1,0,1,1,3,2
464,12,2,3,0,0,0,1,4,1,9
465,7,2,3,1,1,1,1,4,4,8
466,13,2,3,1,1,0,1,3,5,1
467,14,1,1,0,1,0,1,5,4,0
468,20,3,1,1,0,0,1,3,3,2
469,11,3,4,1,1,1,1,1,1,1
470,15,2,3,0,1,0,1,4,0,0
471,5,0,1,1,1,1,1,4,4,9
472,8,3,0,0,0,1,1,2,7,3
473,1,2,0,1,0,0,1,5,4,10
474,7,0,2,0,0,1,1,1,0,6
475,17,0,1,0,0,0,1,3,9,7
476,17,1,2,1,0,1,1,4,10,3
477,16,3,3,0,0,0,1,1,0,7
478,9,1,1,0,0,0,1,3,10,6
479,3,2,2,1,0,1,1,5,3,10
480,2,1,0,1,1,0,1,3,7,8
481,6,3,1,0,1,0,1,2,2,9
482,14,3,4,0,0,1,1,3,5,4
483,1,1,0,1,1,0,1,2,4,5
484,20,2,1,1,1,1,1,2,10,10
485,6,1,0,0,1,1,1,3,3,4
486,6,0,1,0,0,1,1,4,7,1
487,4,1,4,0,0,0,1,1,6,0
488,13,2,1,1,0,0,1,1,4,7
489,2,0,1,1,1,0,1,3,10,3
490,12,1,3,0,0,0,1,2,0,7
491,13,1,0,0,1,1,1,3,10,1
492,0,2,2,1,0,1,1,2,1,1
493,3,0,3,0,0,0,1,4,9,10
494,8,2,1,0,1,0,1,5,10,7
495,15,1,0,0,0,0,1,4,4,1
496,12,3,1,0,1,1,1,1,0,7
497,13,0,3,1,0,1,1,1,4,7
498,14,3,0,0,0,1,1,2,9,6
499,4,3,3,0,0,1,1,4,0,2
500,17,0,4,0,0,1,1,3,0,0
501,5,3,3,1,1,1,1,2,3,10
502,4,1,1,1,0,1,1,2,10,10
503,8,2,3,0,0,0,1,2,8,3
504,3,3,1,0,1,0,1,5,3,1
505,7,2,0,1,1,1,1,4,7,1
506,5,2,2,0,0,1,1,3,7,3
507,0,3,1,1,1,0,1,5,6,9
508,18,3,3,0,0,1,1,3,9,10
509,0,0,4,0,0,1,1,2,9,8
510,1,1,3,0,1,0,1,1,2,3
511,2,0,0,1,0,0,1,1,9,9
512,19,2,0,0,0,1,1,2,7,4
513,7,3,1,0,0,1,1,4,3,1
514,11,0,0,1,0,0,1,1,7,9
515,11,2,3,1,0,1,1,2,8,6
516,14,0,4,0,0,1,1,4,2,3
517,15,0,0,0,1,0,1,2,9,7
518,5,0,1,0,0,0,1,4,1,3
519,11,2,2,0,1,1,1,4,6,8
520,0,1,2,1,0,0,1,3,0,1
521,20,1,2,0,0,0,1,4,2,9
522,11,0,4,1,0,0,1,2,6,8
523,2,1,3,1,0,0,1,3,5,7
524,1,1,2,1,1,0,1,5,10,9
525,14,0,4,1,1,0,1,4,5,4
526,18,2,2,0,0,0,1,4,1,3
527,12,2,4,1,1,1,1,4,1,8
528,12,2,1,1,0,1,1,5,0,7
529,18,3,3,0,1,1,1,3,5,4
530,14,0,3,1,1,0,1,5,7,4
531,8,0,3,0,0,0,1,1,2,0
532,19,2,2,1,1,0,1,4,9,0
533,19,1,2,0,0,0,1,2,4,1
534,7,1,1,0,0,1,1,3,2,6
535,5,2,0,0,0,1,1,4,8,3
536,14,2,2,1,1,1,1,5,2,0
537,15,1,2,1,0,0,1,2,1,5
538,12,0,4,1,0,0,1,2,7,9
539,13,3,0,0,0,1,1,4,1,4
540,8,1,1,0,1,1,1,2,8,8
541,5,3,2,1,1,0,1,2,7,10
542,3,1,4,0,1,1,1,3,0,8
543,16,3,0,0,0,1,1,4,6,0
544,0,1,3,1,1,1,1,1,5,2
545,10,2,0,0,0,1,1,3,8,6
546,0,3,1,1,0,0,1,5,10,6
547,0,0,0,1,0,0,1,2,10,2
548,11,3,4,0,0,0,1,3,4,0
549,3,2,1,0,1,1,1,4,8,6
550,19,2,1,1,0,1,1,2,9,7
551,8,3,1,1,1,1,1,4,1,4
552,9,1,1,0,1,1,1,2,2,1
553,15,1,4,0,0,1,1,1,8,10
554,14,3,4,0,0,1,1,4,0,8
555,13,1,1,1,1,0,1,2,9,0
556,8,3,0,1,0,1,1,4,8,3
557,15,2,3,1,0,1,1,2,0,9
558,1,1,0,0,0,1,1,3,8,6
559,6,3,4,1,0,1,1,1,6,7
560,1,0,1,1,1,1,1,5,9,10
561,19,2,2,1,1,0,1,3,2,4
562,3,0,2,1,1,0,1,4,10,9
563,20,3,1,1,0,0,1,3,5,4
564,1,2,4,0,0,0,1,1,10,5
565,18,1,0,1,1,1,1,4,3,2
566,19,3,2,0,1,1,1,4,3,4
567,4,3,4,1,1,0,1,5,7,0
568,18,0,0,0,1,1,1,5,1,6
569,15,0,1,0,1,0,1,5,2,3
570,0,2,4,0,0,0,1,4,8,5
571,3,3,3,1,1,0,1,2,4,6
572,7,2,2,1,1,1,1,2,8,6
573,8,3,2,0,1,1,1,3,0,4
574,16,1,0,1,1,0,1,3,6,8
575,7,3,3,0,0,0,1,2,5,3
576,12,1,0,1,1,0,1,5,6,10
577,15,2,1,1,1,1,1,1,4,5
578,7,2,4,0,0,1,1,5,5,9
579,19,3,2,0,1,0,1,2,2,9
580,1,0,0,0,1,1,1,3,4,5
581,4,3,2,0,0,1,1,1,3,2
582,7,3,0,0,0,0,1,1,4,7
583,16,3,2,1,1,1,1,5,7,7
584,13,3,0,0,1,0,1,4,2,6
585,17,3,3,0,1,1,1,3,10,3
586,8,0,1,0,1,1,1,4,9,10
587,9,1,1,0,0,1,1,5,3,10
588,5,0,3,1,0,1,1,3,8,9
589,16,2,1,0,0,0,1,5,2,6
590,11,2,4,0,1,1,1,5,4,8
591,2,1,0,1,1,0,1,2,3,5
592,1,2,1,1,1,1,1,1,5,3
593,0,1,3,0,1,0,1,2,4,7
594,20,1,3,0,1,0,1,1,3,10
595,20,2,4,1,0,1,1,1,7,5
596,20,3,3,1,1,0,1,3,3,10
597,10,0,3,1,0,1,1,1,1,1
598,13,0,2,0,1,1,1,1,7,0
599,2,2,3,1,1,0,1,2,5,1
600,20,0,2,0,0,0,1,1,5,7
601,8,0,1,1,0,0,1,5,7,1
602,9,3,2,0,1,0,1,3,9,6
603,3,3,3,0,0,0,1,5,6,9
604,3,0,2,1,1,0,1,1,7,10
605,2,1,1,1,0,0,1,3,7,9
606,7,1,0,1,1,1,1,4,8,1
607,16,3,0,1,1,0,1,3,8,1
608,19,0,1,0,0,0,1,5,5,5
609,7,2,4,1,1,1,1,3,0,2
610,10,1,3,1,1,1,1,2,0,7
611,18,0,2,0,1,0,1,2,9,6
612,17,1,1,0,0,0,1,4,8,1
613,17,2,0,0,0,0,1,4,0,8
614,5,1,0,0,0,0,1,3,3,2
615,14,2,4,1,0,1,1,4,2,5
616,6,3,1,1,0,0,1,3,2,1
617,0,1,2,0,1,1,1,3,7,10
618,18,2,3,0,1,1,1,3,6,1
619,11,3,0,0,1,1,1,4,7,6
620,10,0,2,1,1,0,1,4,3,10
621,20,2,4,0,1,0,1,4,9,1
622,5,3,3,1,1,0,1,2,8,10
623,8,2,3,1,0,1,1,4,7,1
624,18,1,4,0,1,1,1,3,3,10
625,20,2,1,1,0,0,1,1,9,4
626,11,2,2,0,1,1,1,2,0,6
627,13,1,3,1,0,0,1,3,10,10
628,10,0,2,1,1,0,1,1,0,10
629,20,3,0,1,1,1,1,1,5,5
630,5,3,1,1,0,0,1,4,7,8
631,4,1,4,0,1,1,1,2,5,3
632,7,3,1,1,1,0,1,2,10,6
633,18,3,3,1,1,0,1,4,3,1
634,7,0,1,0,1,0,1,4,7,0
635,0,2,3,1,1,1,1,1,10,7
636,10,3,3,0,1,1,1,4,2,1
637,8,2,0,0,0,0,1,1,4,4
638,3,0,3,1,0,0,1,1,6,2
639,2,3,2,0,1,1,1,1,9,9
640,6,0,2,1,1,1,1,5,10,10
641,17,2,1,1,1,0,1,5,4,6
642,17,0,0,1,1,0,1,3,0,10
643,5,0,2,1,0,0,1,4,10,6
644,3,0,1,1,0,1,1,2,6,9
645,0,1,2,0,0,1,1,4,6,7
646,10,3,1,1,1,1,1,2,1,5
647,14,3,3,0,0,0,1,4,7,4
648,3,3,2,1,0,0,1,2,0,1
649,0,3,1,0,0,1,1,1,3,7
650,11,2,1,1,1,1,1,2,6,1
651,17,0,2,1,0,1,1,4,1,4
652,9,0,3,0,1,1,1,3,9,2
653,18,3,1,0,0,1,1,3,6,10
654,10,1,4,0,1,0,1,3,2,3
655,20,1,2,1,0,1,1,2,9,8
656,6,1,3,0,1,1,1,5,0,1
657,4,0,4,0,0,1,1,4,3,6
658,20,1,1,0,0,1,1,1,3,6
659,19,0,1,1,1,0,1,1,3,3
660,1,2,2,1,0,1,1,1,5,3
661,6,3,1,1,0,1,1,5,5,6
662,7,0,4,0,1,1,1,2,7,3
663,8,0,3,1,1,1,1,2,5,4
664,11,0,2,0,1,1,1,1,10,2
665,14,2,1,0,1,0,1,1,5,2
666,6,1,3,0,0,0,1,2,1,1
667,5,1,0,0,0,1,1,3,4,1
668,15,2,2,1,0,0,1,1,8,0
669,3,0,1,1,0,0,1,4,4,8
670,1,0,0,1,0,0,1,2,8,9
671,12,1,3,0,1,0,1,3,9,0
672,16,3,2,1,0,1,1,2,6,4
673,6,2,2,0,1,0,1,3,1,5
674,0,3,2,1,1,1,1,4,2,5
675,15,2,3,1,0,0,1,2,9,2
676,9,1,3,0,0,0,1,2,3,7
677,17,0,2,0,1,0,1,3,3,6
678,2,1,1,0,0,0,1,2,1,7
679,15,1,0,0,0,1,1,4,2,3
680,9,1,4,0,0,0,1,5,8,7
681,18,3,2,1,0,1,1,5,6,9
682,12,3,3,0,0,1,1,2,4,10
683,4,3,3,0,1,0,1,2,2,7
684,13,2,1,0,1,0,1,2,4,2
685,9,0,0,0,1,0,1,4,3,7
686,16,3,2,1,1,0,1,4,4,8
687,7,3,1,1,1,0,1,3,6,8
688,17,2,1,0,0,0,1,1,6,7
689,5,3,1,0,0,0,1,3,0,2
690,8,3,1,1,0,0,1,3,10,3
691,14,3,0,0,1,0,1,5,2,6
692,13,3,0,1,0,0,1,5,3,8
693,2,3,2,0,1,0,1,5,7,8
694,20,3,2,0,1,1,1,2,7,0
695,16,3,1,0,1,0,1,5,7,7
696,8,2,1,0,1,0,1,5,7,8
697,15,3,3,0,0,0,1,5,10,5
698,6,3,4,0,0,0,1,5,8,7
699,18,1,1,1,0,0,1,5,9,6
700,15,0,3,0,1,0,1,1,6,9
701,4,1,4,0,1,1,1,5,3,9
702,4,1,0,1,0,1,1,3,2,10
703,10,2,3,0,0,0,1,5,2,4
704,17,3,2,1,1,0,1,3,8,2
705,4,3,2,1,1,0,1,5,9,6
706,6,3,2,0,0,1,1,1,3,3
707,13,0,4,1,0,1,1,3,8,5
708,4,1,2,0,1,0,1,5,8,1
709,17,3,2,0,1,1,1,3,0,3
710,3,2,4,0,1,0,1,4,5,4
711,14,2,1,1,1,1,1,2,0,7
712,1,3,1,0,1,0,1,2,10,7
713,14,3,3,1,0,0,1,5,6,8
714,11,2,1,1,0,0,1,4,4,4
715,5,1,0,1,0,0,1,2,3,7
716,3,2,0,0,1,0,1,3,1,6
717,9,1,3,1,0,0,1,4,10,4
718,11,3,4,0,1,1,1,1,7,3
719,17,2,0,0,0,0,1,5,6,2
720,9,3,2,0,1,1,1,5,5,3
721,14,0,4,0,1,0,1,5,8,8
722,12,3,1,0,1,1,1,3,0,4
723,1,2,2,1,0,1,1,1,0,9
724,14,2,4,1,1,1,1,2,6,10
725,5,1,0,1,1,0,1,5,9,6
726,18,1,2,1,0,0,1,5,5,9
727,13,1,1,1,1,1,1,1,0,6
728,16,0,0,1,0,1,1,5,3,2
729,0,3,4,1,0,1,1,5,8,10
730,11,2,0,0,1,1,1,4,3,0
731,10,0,4,1,1,1,1,5,5,0
732,17,1,4,0,1,0,1,3,4,0
733,20,2,3,0,1,1,1,4,5,5
734,8,3,3,0,1,0,1,4,8,0
735,13,3,3,1,1,1,1,5,6,10
736,18,0,4,1,1,1,1,3,6,2
737,12,1,0,1,0,1,1,3,6,9
738,5,0,3,0,1,0,1,2,2,4
739,9,1,3,0,1,0,1,5,0,0
740,20,2,3,0,0,1,1,2,3,7
741,8,0,1,1,0,0,1,3,7,8
742,6,2,4,0,1,1,1,3,0,6
743,4,3,0,0,1,0,1,1,10,5
744,11,0,3,1,0,1,1,5,7,2
745,7,1,1,0,1,0,1,5,8,8
746,14,1,4,0,1,0,1,4,2,6
747,16,1,1,0,1,1,1,2,9,10
748,1,2,3,1,1,0,1,4,3,1
749,17,0,3,0,1,1,1,2,6,7
750,9,0,2,1,0,1,1,5,9,8
751,0,2,3,0,1,0,1,3,8,5
752,14,0,2,0,0,1,1,3,3,3
753,10,1,0,1,1,0,1,5,9,9
754,10,3,2,1,1,1,1,5,7,9
755,12,2,3,0,0,0,1,5,6,8
756,9,1,4,0,1,0,1,5,5,8
757,7,0,3,0,0,1,1,1,7,4
758,16,3,2,1,0,0,1,3,3,3
759,14,3,4,1,1,0,1,1,10,5
760,12,2,3,1,0,1,1,3,3,2
761,2,3,2,0,1,0,1,4,2,7
762,9,2,1,0,0,1,1,5,3,2
763,18,3,4,1,1,1,1,2,8,1
764,10,0,4,1,1,0,1,4,4,7
765,11,2,4,0,1,1,1,4,4,4
766,8,0,1,1,0,1,1,2,3,5
767,11,2,3,1,0,1,1,1,9,6
768,18,2,4,0,0,1,1,4,10,4
769,2,1,2,1,0,1,1,2,0,1
770,3,1,4,1,0,1,1,2,10,0
771,2,1,1,1,0,0,1,2,3,9
772,8,2,1,0,1,0,1,2,4,8
773,1,3,0,0,1,0,1,3,0,5
774,20,0,0,1,1,1,1,1,4,2
775,6,3,1,0,1,1,1,1,2,10
776,7,1,0,1,1,1,1,1,3,2
777,18,3,2,1,0,0,1,1,2,2
778,17,1,0,1,1,0,1,2,7,9
779,7,1,3,1,1,1,1,5,0,5
780,10,3,2,0,1,1,1,3,0,2
781,10,3,1,0,0,0,1,5,7,3
782,9,2,0,0,1,1,1,3,2,4
783,10,2,1,0,0,1,1,5,4,2
784,12,0,0,0,1,1,1,4,4,2
785,14,1,0,1,0,0,1,4,4,0
786,16,0,0,0,1,1,1,3,4,7
787,19,1,2,1,1,0,1,1,6,5
788,18,3,4,0,0,1,1,4,8,9
789,13,2,0,1,0,0,1,5,9,3
790,17,2,3,1,1,0,1,3,5,0
791,18,0,1,0,1,0,1,1,9,7
792,6,0,1,0,1,1,1,3,8,4
793,10,2,1,1,0,1,1,4,8,3
794,7,3,4,0,0,1,1,4,5,2
795,6,1,0,0,1,0,1,1,7,8
796,5,2,3,1,0,1,1,4,8,9
797,20,0,0,1,1,1,1,4,0,3
798,9,0,4,1,1,0,1,5,4,0
799,3,1,2,0,1,1,1,2,3,6
800,9,0,0,1,0,0,1,5,6,2
801,10,2,3,0,0,0,1,1,1,8
802,3,3,0,1,1,1,1,2,0,8
803,14,3,1,0,0,1,1,3,8,0
804,15,1,4,1,1,1,1,4,2,9
805,10,2,3,1,0,1,1,1,2,5
806,3,3,3,0,1,0,1,5,3,2
807,20,2,2,0,1,1,1,3,2,8
808,19,1,4,1,1,0,1,4,10,1
809,1,2,3,0,1,0,1,4,6,7
810,2,0,0,1,1,0,1,5,3,10
811,17,1,2,1,0,0,1,4,2,1
812,5,1,4,0,0,0,1,4,5,9
813,1,3,0,1,0,0,1,3,0,8
814,0,0,3,0,1,1,1,2,6,8
815,17,0,0,1,0,0,1,2,2,0
816,18,3,1,1,1,1,1,1,0,4
817,0,2,2,1,0,0,1,5,3,8
818,18,0,4,0,1,1,1,3,2,1
819,13,3,4,0,0,0,1,1,1,8
820,8,0,0,0,0,1,1,4,3,8
821,16,3,4,0,0,0,1,2,0,9
822,17,1,4,1,0,0,1,2,3,8
823,18,1,1,1,0,0,1,3,5,3
824,18,1,3,1,1,1,1,3,10,6
825,6,1,1,1,0,0,1,2,2,7
826,1,3,2,1,1,0,1,5,6,1
827,11,0,0,0,0,0,1,4,7,7
828,5,1,4,0,1,0,1,3,4,7
829,11,2,0,1,1,1,1,5,9,7
830,11,2,1,1,1,0,1,4,1,9
831,13,2,4,1,1,0,1,2,5,9
832,12,2,2,0,1,1,1,2,1,10
833,4,1,0,1,1,1,1,1,8,9
834,9,0,4,0,1,1,1,2,3,7
835,3,1,2,0,0,1,1,4,7,10
836,14,0,1,0,1,0,1,1,6,9
837,2,1,2,1,1,0,1,1,6,10
838,5,0,0,1,1,1,1,1,4,5
839,0,2,3,0,1,0,1,2,7,9
840,5,3,1,1,1,0,1,5,0,9
841,2,1,0,1,0,0,1,5,2,4
842,10,1,1,0,1,1,1,5,9,2
843,9,1,3,1,0,0,1,2,9,6
844,6,1,0,1,1,1,1,4,10,0
845,7,0,2,0,1,1,1,2,3,0
846,8,2,2,1,0,1,1,5,4,9
847,16,3,2,0,0,0,1,4,0,8
848,11,2,0,1,1,1,1,1,8,9
849,10,2,2,0,0,1,1,1,5,4
850,12,0,1,0,0,0,1,1,9,3
851,1,2,0,1,1,0,1,1,4,2
852,7,0,4,1,1,0,1,5,5,3
853,17,3,4,1,0,0,1,1,5,7
854,16,0,3,0,1,1,1,3,2,6
855,19,2,3,0,1,1,1,5,0,7
856,3,1,3,0,1,0,1,1,3,2
857,17,1,3,0,1,0,1,4,9,10
858,0,0,3,0,1,0,1,3,0,5
859,8,3,2,1,1,1,1,1,4,10
860,10,0,2,0,1,0,1,2,8,3
861,3,0,1,1,1,1,1,3,8,2
862,10,3,2,0,1,0,1,3,7,7
863,7,2,4,1,0,1,1,1,3,4
864,14,0,3,0,0,0,1,5,9,6
865,12,1,2,0,1,1,1,5,2,10
866,0,1,0,0,1,1,1,1,4,1
867,17,2,2,0,0,1,1,3,3,6
868,15,1,1,0,1,0,1,1,8,2
869,2,1,4,0,0,1,1,5,6,4
870,2,3,0,1,1,0,1,4,9,7
871,7,0,2,0,0,0,1,3,3,1
872,10,2,0,1,0,1,1,5,4,1
873,20,3,3,1,0,1,1,5,7,5
874,7,1,1,1,0,1,1,1,4,10
875,5,2,1,0,1,0,1,5,1,2
876,12,2,2,1,1,0,1,3,7,8
877,17,2,1,1,1,0,1,1,6,9
878,18,0,1,1,1,1,1,5,7,3
879,15,0,3,1,0,1,1,4,10,9
880,4,0,0,1,0,1,1,3,8,6
881,8,3,4,0,0,1,1,5,5,1
882,17,3,1,1,0,1,1,5,1,0
883,2,1,1,0,0,1,1,4,7,3
884,0,3,3,1,0,0,1,3,6,10
885,4,1,1,1,0,1,1,2,9,4
886,6,3,1,0,1,0,1,1,8,1
887,15,3,4,0,1,0,1,1,3,10
888,17,2,2,0,1,0,1,4,4,7
889,8,1,3,0,1,1,1,2,0,4
890,9,3,1,1,0,0,1,4,7,9
891,11,2,1,1,0,1,1,1,2,7
892,20,1,3,0,1,0,1,5,10,9
893,13,2,2,0,1,0,1,5,4,5
894,20,1,2,0,1,1,1,4,5,9
895,15,1,1,0,0,1,1,5,0,2
896,1,0,3,0,0,1,1,2,6,9
897,2,0,2,0,0,0,1,5,3,7
898,4,1,1,0,0,1,1,1,9,5
899,17,1,1,0,0,0,1,3,5,4
900,15,1,0,0,0,1,1,3,7,2
901,18,3,0,0,1,1,1,2,6,5
902,17,3,1,0,0,0,1,2,6,9
903,18,2,2,1,0,1,1,5,10,1
904,5,3,4,1,0,0,1,2,7,4
905,18,0,2,0,0,1,1,1,7,3
906,12,0,3,0,0,1,1,1,3,6
907,18,2,4,0,0,1,1,3,3,10
908,12,0,1,0,1,1,1,2,7,8
909,4,1,0,0,0,0,1,2,7,8
910,10,2,1,0,1,1,1,1,8,5
911,20,0,2,0,1,0,1,4,7,0
912,16,3,4,1,1,1,1,3,3,8
913,13,2,2,0,0,0,1,5,3,1
914,18,3,4,1,0,0,1,2,4,3
915,14,2,2,0,1,1,1,2,0,5
916,5,1,3,1,0,0,1,4,4,2
917,16,0,3,1,0,1,1,2,8,10
918,18,1,3,1,0,1,1,1,3,0
919,13,2,1,1,1,1,1,3,4,1
920,6,1,4,0,0,0,1,2,10,7
921,10,0,2,1,1,0,1,3,9,7
922,4,3,1,1,0,0,1,5,10,2
923,3,1,3,0,0,0,1,2,9,0
924,2,3,1,0,0,0,1,4,1,2
925,20,2,1,1,0,0,1,2,0,9
926,0,3,2,1,1,0,1,4,1,0
927,6,0,0,1,1,1,1,2,10,6
928,5,1,0,1,1,1,1,1,0,0
929,14,2,4,0,0,1,1,4,7,2
930,11,1,1,1,0,1,1,3,7,2
931,13,1,4,1,1,1,1,5,4,7
932,19,0,2,0,1,1,1,2,5,9
933,18,2,1,1,0,1,1,4,4,1
934,15,3,2,0,0,0,1,5,10,0
935,1,1,4,0,1,0,1,1,2,2
936,6,1,4,0,1,0,1,5,0,9
937,12,2,4,1,1,0,1,3,1,6
938,20,3,3,1,0,1,1,4,1,4
939,6,0,1,1,1,0,1,1,10,10
940,9,1,2,0,0,1,1,3,4,6
941,0,0,0,0,1,0,1,2,1,2
942,4,2,4,0,1,1,1,5,6,7
943,5,3,2,1,0,1,1,3,1,10
944,17,0,2,0,1,1,1,5,7,1
945,8,1,3,1,0,1,1,3,2,3
946,13,2,0,1,1,1,1,5,6,0
947,11,3,0,1,0,0,1,5,1,1
948,18,1,0,1,1,1,1,4,3,2
949,9,2,2,0,1,0,1,1,3,10
950,8,2,1,0,0,1,1,4,4,3
951,16,0,4,1,1,1,1,1,6,10
952,11,2,2,1,0,0,1,3,0,2
953,10,0,4,0,1,0,1,1,10,5
954,12,2,3,0,1,0,1,3,8,9
955,4,0,2,0,0,1,1,1,6,9
956,11,1,4,1,0,0,1,2,6,7
957,14,3,4,1,0,0,1,2,8,7
958,13,0,0,0,1,1,1,4,1,4
959,16,0,4,1,0,1,1,5,6,3
960,7,0,2,0,1,0,1,5,0,2
961,19,1,2,0,1,0,1,4,2,5
962,11,1,3,1,0,0,1,5,7,1
963,11,1,2,0,0,0,1,3,10,6
964,16,1,4,0,0,0,1,2,6,9
965,12,2,2,1,0,0,1,5,8,2
966,15,2,4,1,1,0,1,4,4,8
967,1,2,4,0,1,0,1,3,6,10
968,16,2,3,0,1,1,1,2,0,7
969,3,1,4,0,1,1,1,5,10,1
970,4,2,4,1,1,1,1,3,10,7
971,3,0,4,0,1,0,1,1,3,1
972,19,0,4,0,0,1,1,2,6,8
973,12,1,1,1,1,1,1,1,5,5
974,10,0,4,0,0,1,1,1,0,2
975,6,0,3,0,0,1,1,3,5,7
976,1,0,4,0,0,1,1,5,7,8
977,0,2,1,1,0,1,1,2,10,8
978,11,3,4,1,1,0,1,5,9,0
979,11,1,2,1,1,0,1,4,3,0
980,10,2,1,0,1,0,1,1,3,6
981,9,1,4,1,1,0,1,1,9,5
982,11,1,0,1,1,1,1,3,5,4
983,19,1,2,0,0,1,1,1,5,10
984,11,3,0,1,1,1,1,2,4,3
985,13,3,0,1,0,0,1,3,9,7
986,8,0,2,1,0,1,1,5,6,0
987,2,0,3,0,1,1,1,1,8,3
988,20,1,1,1,0,1,1,2,3,1
989,6,2,1,1,1,0,1,5,7,10
990,10,1,4,0,0,1,1,5,8,10
991,9,1,3,0,0,0,1,3,10,3
992,17,3,4,1,0,0,1,4,8,2
993,16,1,4,1,1,1,1,3,8,8
994,14,1,4,1,1,0,1,5,1,3
995,4,1,4,0,1,1,1,1,5,7
996,12,3,3,0,0,0,1,3,9,0
997,12,0,1,1,1,1,1,2,7,7
998,7,0,0,0,1,1,1,2,2,9
999,17,0,0,1,1,0,1,4,9,9
1000,16,1,4,0,0,0,1,3,9,6
1001,14,1,1,0,0,1,1,2,8,8
1002,8,2,0,0,0,1,1,2,4,2
1003,0,3,0,0,0,0,1,2,9,9
1004,3,0,2,0,1,1,1,3,3,10
1005,5,3,1,0,1,0,1,5,5,1
1006,18,2,3,0,0,0,1,4,2,1
1007,19,0,3,1,1,1,1,1,10,7
1008,3,2,3,1,1,0,1,5,2,6
1009,2,3,4,1,0,1,1,4,7,5
1010,14,2,0,0,1,1,1,2,3,3
1011,0,0,4,0,0,1,1,3,7,6
1012,12,1,2,0,0,1,1,4,9,6
1013,3,2,1,0,0,1,1,3,5,3
1014,13,0,2,0,1,0,1,4,0,8
1015,20,1,0,1,0,0,1,4,2,3
1016,11,0,1,1,1,1,1,3,10,7
1017,16,3,2,1,0,0,1,4,6,1
1018,10,1,2,0,1,1,1,2,9,9
1019,1,1,3,1,0,0,1,4,0,9
1020,2,0,2,1,0,1,1,2,3,4
1021,12,3,4,1,1,0,1,1,0,5
1022,11,1,3,1,0,0,1,1,4,8
1023,9,2,0,1,1,1,1,5,7,6
1024,2,1,3,1,0,0,1,3,3,0
1025,20,2,3,1,1,0,1,3,10,10
1026,12,1,3,1,1,0,1,1,3,5
1027,8,1,2,1,0,1,1,4,5,5
1028,14,0,3,1,1,0,1,5,6,5
1029,8,1,1,0,1,1,1,1,4,9
1030,11,0,2,1,0,0,1,5,8,3
1031,5,2,0,1,0,0,1,2,5,7
1032,16,3,4,1,1,1,1,1,10,10
1033,4,1,2,0,0,1,1,2,4,5
1034,3,0,1,1,0,0,1,4,6,2
1035,3,2,0,1,0,1,1,1,7,1
1036,14,0,3,1,1,1,1,1,10,9
1037,3,3,4,1,1,0,1,5,7,1
1038,10,3,4,1,1,1,1,5,9,6
1039,11,3,1,0,1,0,1,3,2,0
1040,17,3,2,1,1,1,1,2,3,5
1041,14,2,1,0,1,1,1,2,10,5
1042,20,1,4,0,1,1,1,2,9,7
1043,16,0,1,1,1,1,1,4,1,6
1044,2,0,4,1,1,0,1,1,8,4
1045,17,3,4,0,0,0,1,4,6,2
1046,1,2,4,1,1,0,1,3,3,7
1047,14,1,3,0,1,0,1,1,4,3
1048,20,3,3,0,1,0,1,2,3,5
1049,4,2,1,0,1,1,1,1,7,1
1050,13,3,4,1,1,0,1,4,7,9
1051,19,2,4,0,0,0,1,2,6,2
1052,2,1,3,1,1,1,1,5,10,1
1053,0,1,1,0,0,1,1,5,8,3
1054,6,3,2,1,1,0,1,4,0,5
1055,16,2,3,0,0,0,1,3,0,8
1056,4,1,2,1,0,0,1,4,1,8
1057,19,0,1,0,0,1,1,3,3,7
1058,15,2,4,0,1,1,1,3,10,7
1059,8,2,2,0,1,1,1,2,3,5
1060,5,3,3,1,1,0,1,4,5,6
1061,11,0,4,1,1,0,1,1,9,7
1062,20,3,2,1,0,1,1,1,10,1
1063,3,2,1,0,0,0,1,2,7,2
1064,18,1,3,1,0,0,1,2,7,4
1065,16,2,2,0,1,0,1,3,9,5
1066,5,0,1,0,0,0,1,2,7,1
1067,7,0,1,1,1,0,1,3,10,8
1068,1,1,0,1,1,1,1,5,7,4
1069,12,0,4,0,0,1,1,1,4,4
1070,1,3,1,1,1,1,1,2,9,1
1071,12,0,0,0,1,1,1,1,0,0
1072,15,0,0,1,0,0,1,4,0,1
1073,0,3,3,1,0,0,1,3,3,1
1074,7,2,2,0,0,1,1,5,2,4
1075,16,0,0,0,1,0,1,5,5,3
1076,1,1,4,0,1,1,1,4,4,7
1077,0,0,0,0,0,0,1,2,1,4
1078,9,0,3,1,0,0,1,4,3,6
1079,4,3,1,1,1,1,1,4,1,9
1080,2,0,2,1,1,1,1,2,0,1
1081,5,1,1,1,0,0,1,5,5,6
1082,5,2,3,1,0,1,1,3,5,3
1083,3,0,3,1,0,0,1,1,10,4
1084,12,0,2,0,0,1,1,2,5,2
1085,17,1,4,0,1,0,1,3,3,6
1086,6,1,3,0,0,0,1,1,10,5
1087,2,3,3,0,1,0,1,2,8,2
1088,2,1,4,0,0,1,1,1,7,5
1089,18,2,2,1,0,0,1,5,3,5
1090,17,1,1,1,0,1,1,3,1,4
1091,1,3,3,0,1,0,1,5,9,0
1092,1,1,2,1,1,1,1,3,0,3
1093,2,0,1,1,1,0,1,2,10,1
1094,18,0,1,1,0,0,1,2,6,8
1095,12,2,4,0,1,0,1,1,9,4
1096,20,2,0,1,0,0,1,5,2,2
1097,9,0,3,1,1,0,1,5,7,2
1098,6,3,4,0,0,0,1,5,0,1
1099,7,0,3,0,0,1,1,3,1,6
1100,19,3,0,1,0,0,1,3,0,10
1101,18,3,2,1,1,1,1,4,3,3
1102,17,0,0,0,0,1,1,5,0,6
1103,16,2,3,1,0,1,1,3,0,10
1104,10,3,0,0,0,0,1,1,10,8
1105,19,3,0,0,0,0,1,2,8,0
1106,15,3,1,0,1,1,1,1,10,4
1107,10,0,1,0,0,0,1,5,1,10
1108,9,1,3,1,0,0,1,5,8,1
1109,0,2,2,1,1,1,1,3,0,5
1110,11,2,3,0,1,0,1,5,1,0
1111,19,1,1,0,1,0,1,2,10,0
1112,16,2,0,0,0,0,1,1,9,10
1113,9,0,0,1,0,0,1,2,8,5
1114,5,0,4,1,0,1,1,3,3,3
1115,6,2,2,0,1,1,1,1,8,2
1116,6,1,3,1,0,1,1,2,8,5
1117,6,0,4,1,1,0,1,5,10,5
1118,5,1,0,1,0,0,1,2,0,10
1119,2,3,2,1,0,1,1,3,0,10
1120,2,1,3,1,0,0,1,3,9,10
1121,14,3,3,1,1,0,1,1,3,1
1122,1,1,0,1,0,1,1,4,1,6
1123,13,2,3,1,1,1,1,2,8,3
1124,16,0,0,0,0,1,1,3,9,4
1125,6,1,3,0,0,0,1,5,0,9
1126,17,0,2,1,0,1,1,1,0,7
1127,6,0,0,1,0,1,1,2,10,10
1128,13,2,2,0,0,0,1,2,5,2
1129,17,1,3,0,0,1,1,4,3,5
1130,9,1,1,1,1,0,1,4,4,1
1131,12,2,4,0,0,1,1,2,10,10
1132,8,0,0,0,1,1,1,4,3,7
1133,8,3,2,1,0,0,1,3,2,10
1134,19,1,1,1,1,0,1,5,9,7
1135,7,0,0,1,0,0,1,1,8,1
1136,18,3,3,0,0,0,1,1,1,3
1137,9,3,4,1,1,0,1,2,10,4
1138,5,3,4,1,0,0,1,5,7,6
1139,18,2,3,1,0,0,1,1,4,2
1140,1,2,0,1,1,0,1,2,6,0
1141,4,0,1,1,0,0,1,3,6,8
1142,14,1,1,0,1,0,1,1,1,10
1143,16,2,3,0,0,0,1,4,6,10
1144,0,3,0,0,0,0,1,4,10,7
1145,13,1,2,1,0,1,1,5,9,2
1146,6,0,4,1,0,0,1,1,7,0
1147,9,1,1,1,0,1,1,1,6,7
1148,16,1,3,1,0,1,1,2,9,2
1149,8,2,0,1,0,0,1,3,2,8
1150,6,3,1,1,1,1,1,4,2,9
1151,2,1,4,0,1,1,1,5,5,0
1152,17,2,0,0,0,1,1,2,6,2
1153,12,3,1,0,1,0,1,5,0,0
1154,14,0,4,0,0,1,1,3,9,1
1155,6,3,2,1,0,0,1,4,6,1
1156,14,1,2,0,1,1,1,3,9,2
1157,15,3,0,0,0,1,1,2,3,0
1158,14,0,1,0,0,1,1,2,5,4
1159,9,3,2,1,1,1,1,4,0,6
1160,8,3,3,0,0,1,1,2,7,0
1161,14,3,4,0,1,1,1,3,2,10
1162,18,2,2,1,0,0,1,5,2,8
1163,14,3,0,0,1,0,1,3,4,1
1164,18,2,2,1,0,1,1,3,0,0
1165,5,3,1,0,1,0,1,2,4,2
1166,18,0,1,1,0,0,1,4,7,8
1167,5,1,4,1,1,1,1,5,5,0
1168,1,1,1,0,0,1,1,3,5,4
1169,4,2,4,1,0,1,1,3,10,6
1170,13,3,2,1,0,0,1,4,9,9
1171,8,3,4,1,1,1,1,4,5,1
1172,7,2,1,0,0,1,1,4,0,4
1173,0,1,0,0,0,1,1,2,4,9
1174,13,3,3,1,1,0,1,5,4,5
1175,7,3,3,1,0,0,1,2,1,7
1176,7,1,4,1,1,0,1,4,8,2
1177,17,0,0,0,1,1,1,1,5,0
1178,11,3,3,0,0,1,1,5,6,4
1179,9,3,1,0,0,0,1,1,5,10
1180,17,2,4,0,0,1,1,1,1,1
1181,0,0,4,0,0,0,1,2,10,7
1182,18,0,2,0,0,1,1,5,1,7
1183,18,1,1,1,1,0,1,5,8,7
1184,18,0,4,0,1,1,1,4,8,6
1185,0,0,4,0,1,0,1,2,9,10
1186,12,3,1,0,1,0,1,1,2,4
1187,10,0,0,1,0,1,1,5,7,9
1188,15,3,1,1,0,1,1,2,10,10
1189,16,0,4,0,1,0,1,1,3,5
1190,15,1,2,1,1,0,1,4,0,9
1191,2,3,1,0,1,1,1,4,5,9
1192,4,1,1,0,1,1,1,4,8,9
1193,18,3,3,1,0,0,1,5,9,2
1194,2,3,4,0,0,1,1,3,4,1
1195,10,0,1,1,0,0,1,4,4,9
1196,2,0,3,0,0,0,1,2,0,4
1197,18,2,2,1,1,0,1,1,8,4
1198,14,1,4,1,1,0,1,4,2,6
1199,16,3,2,1,0,1,1,3,9,4
1200,5,3,0,1,1,1,1,1,2,9
1201,18,1,1,0,0,1,1,1,2,6
1202,17,2,2,0,1,1,1,1,5,4
1203,10,3,2,0,1,1,1,4,6,10
1204,8,1,3,1,0,1,1,2,10,2
1205,20,2,1,1,0,1,1,1,10,6
1206,6,0,3,0,0,1,1,5,5,8
1207,18,1,1,1,0,0,1,2,6,7
1208,9,3,0,0,1,0,1,2,2,3
1209,10,0,0,0,1,1,1,5,9,0
1210,6,0,3,0,0,1,1,3,10,3
1211,0,1,3,1,0,1,1,3,4,0
1212,8,0,0,1,0,1,1,4,7,7
1213,3,0,3,0,0,0,1,3,7,7
1214,7,0,0,1,0,0,1,2,8,0
1215,1,1,3,0,1,0,1,5,3,6
1216,5,1,4,1,1,1,1,4,5,8
1217,20,1,0,1,1,0,1,1,8,10
1218,16,2,4,1,0,1,1,2,3,3
1219,20,0,4,0,1,0,1,5,9,0
1220,14,2,1,1,1,1,1,4,5,8
1221,17,0,0,1,1,1,1,3,4,6
1222,13,0,4,1,1,1,1,4,10,9
1223,2,2,3,0,1,0,1,4,10,8
1224,6,3,0,0,1,1,1,2,8,2
1225,10,0,2,0,0,0,1,2,2,1
1226,10,3,0,1,0,0,1,3,8,6
1227,8,3,1,0,0,0,1,1,4,0
1228,6,3,4,0,0,1,1,5,10,1
1229,15,0,1,0,1,1,1,5,10,5
1230,19,3,2,0,0,0,1,2,7,3
1231,18,0,0,0,0,0,1,2,7,7
1232,0,3,2,0,0,1,1,2,9,8
1233,19,3,3,1,0,0,1,4,0,2
1234,6,0,3,1,1,1,1,4,6,6
1235,4,0,2,1,0,1,1,2,2,6
1236,3,1,4,0,1,1,1,4,2,1
1237,17,3,3,0,0,1,1,2,7,9
1238,19,1,4,0,1,1,1,3,2,4
1239,4,2,3,1,1,0,1,5,7,4
1240,18,0,4,0,0,0,1,4,6,5
1241,7,2,4,1,0,0,1,4,4,7
1242,2,1,2,0,0,1,1,4,7,5
1243,0,3,2,0,0,1,1,3,3,4
1244,19,1,2,1,1,1,1,5,3,5
1245,1,1,2,0,0,1,1,1,2,7
1246,13,1,4,1,0,0,1,2,10,5
1247,19,3,0,1,1,1,1,3,8,10
1248,10,3,4,0,0,1,1,2,10,5
1249,7,1,0,1,0,0,1,2,6,8
1250,10,3,4,0,0,0,1,1,6,6
1251,2,0,0,0,0,1,1,2,7,1
1252,17,2,0,0,0,1,1,2,6,10
1253,5,3,0,1,1,1,1,2,3,9
1254,14,0,0,0,1,1,1,2,6,1
1255,15,3,3,0,0,0,1,5,9,0
1256,5,1,4,1,1,0,1,4,2,8
1257,20,2,0,0,1,0,1,1,3,1
1258,19,3,3,1,1,1,1,5,2,5
1259,14,1,4,0,1,0,1,4,4,5
1260,1,0,2,1,1,0,1,5,2,10
1261,13,3,4,1,1,0,1,5,10,3
1262,3,0,3,0,1,1,1,5,9,0
1263,4,0,4,1,0,1,1,2,8,4
1264,17,2,4,0,0,0,1,2,1,9
1265,9,2,0,0,0,1,1,3,0,1
1266,2,3,3,1,0,0,1,2,2,2
1267,2,3,4,1,1,0,1,3,4,10
1268,18,3,0,0,0,1,1,5,10,5
1269,17,1,3,0,1,1,1,2,6,3
1270,8,2,3,0,1,1,1,1,3,8
1271,7,2,3,1,0,1,1,4,9,2
1272,20,1,0,1,0,0,1,1,5,10
1273,13,3,2,1,0,1,1,1,5,3
1274,19,0,1,0,1,0,1,1,10,4
1275,1,2,1,1,1,0,1,5,6,1
1276,12,1,3,1,0,1,1,2,4,8
1277,13,2,1,0,0,1,1,1,0,6
1278,7,3,0,1,1,0,1,3,0,0
1279,17,1,0,1,1,1,1,5,0,1
1280,4,3,3,1,1,1,1,5,9,0
1281,18,0,3,0,0,0,1,3,4,6
1282,5,0,3,1,1,0,1,3,0,7
1283,18,3,2,1,1,1,1,3,2,0
1284,15,3,0,0,1,1,1,1,5,5
1285,18,0,3,1,1,0,1,3,5,9
1286,3,1,4,0,0,1,1,2,7,3
1287,5,3,2,1,0,0,1,3,2,9
1288,3,0,2,0,0,1,1,4,5,0
1289,12,3,0,0,1,0,1,1,9,10
1290,20,0,0,0,0,0,1,2,1,1
1291,20,3,3,1,0,0,1,5,3,4
1292,5,0,1,0,0,1,1,2,6,1
1293,7,3,2,0,0,0,1,5,3,5
1294,3,0,1,1,1,0,1,5,10,4
1295,16,3,3,1,1,1,1,5,5,2
1296,7,1,2,1,0,0,1,2,7,8
1297,4,3,4,1,0,0,1,2,5,6
1298,4,3,0,1,1,1,1,5,1,2
1299,1,1,1,0,1,1,1,3,9,9
1300,8,3,3,0,1,0,1,3,9,4
1301,5,0,1,0,0,1,1,1,8,3
1302,17,1,4,1,1,0,1,2,8,8
1303,10,3,2,1,0,1,1,3,7,2
1304,17,1,0,0,0,1,1,3,0,10
1305,14,1,4,1,0,1,1,4,8,10
1306,17,1,1,0,0,1,1,3,10,2
1307,2,1,0,0,1,0,1,1,6,0
1308,16,3,3,0,1,1,1,2,6,4
1309,17,0,1,1,1,0,1,4,7,5
1310,7,3,1,1,1,1,1,3,3,5
1311,19,0,3,0,0,1,1,1,5,10
1312,2,2,0,0,0,1,1,4,8,1
1313,8,1,2,1,0,0,1,4,4,9
1314,18,3,4,0,0,1,1,1,5,7
1315,7,1,2,1,0,0,1,5,3,0
1316,1,1,3,0,0,0,1,4,7,3
1317,4,3,0,1,1,1,1,5,3,0
1318,9,3,0,0,0,0,1,5,8,10
1319,4,0,1,0,1,0,1,1,2,4
1320,1,2,1,1,1,1,1,1,8,8
1321,2,1,0,0,0,0,1,3,6,3
1322,16,3,2,0,1,1,1,3,8,1
1323,7,3,1,0,0,0,1,5,2,4
1324,5,2,3,1,1,1,1,3,4,9
1325,16,0,2,0,1,0,1,4,7,0
1326,18,3,4,0,0,0,1,1,8,3
1327,10,3,2,1,1,1,1,3,5,1
1328,17,0,4,1,1,1,1,3,3,6
1329,10,3,2,1,0,1,1,3,4,4
1330,20,3,0,1,1,1,1,3,2,7
1331,17,0,0,0,0,0,1,5,3,10
1332,1,1,3,0,1,0,1,4,7,3
1333,17,0,0,1,0,1,1,4,1,10
1334,12,1,4,1,0,1,1,2,8,8
1335,5,3,1,0,0,1,1,5,4,10
1336,13,2,4,0,0,1,1,2,9,4
1337,7,2,2,0,1,0,1,3,0,4
1338,12,3,2,0,0,1,1,4,4,8
1339,6,1,3,0,0,1,1,3,2,10
1340,15,3,1,0,1,1,1,1,5,9
1341,10,1,3,0,1,0,1,2,0,3
1342,0,3,4,0,0,0,1,1,10,6
1343,19,2,2,1,1,1,1,5,10,9
1344,6,2,3,0,0,1,1,2,0,3
1345,18,2,2,0,1,1,1,3,9,0
1346,15,3,0,1,0,1,1,3,1,2
1347,11,1,1,0,0,1,1,4,4,4
1348,19,1,4,1,0,1,1,2,7,7
1349,15,1,0,1,1,0,1,1,3,0
1350,7,1,0,1,0,1,1,4,5,10
1351,15,3,4,0,0,1,1,3,4,3
1352,2,3,1,0,1,0,1,5,0,8
1353,8,1,3,0,1,1,1,2,5,2
1354,1,3,4,1,0,0,1,4,5,6
1355,14,3,4,0,1,0,1,5,5,2
1356,17,2,2,1,0,0,1,5,6,10
1357,18,0,3,0,1,1,1,2,4,9
1358,5,0,4,1,0,1,1,2,3,0
1359,3,3,0,0,1,1,1,5,3,7
1360,16,3,3,0,0,0,1,5,0,5
1361,18,0,3,1,1,0,1,4,0,8
1362,4,1,0,0,1,1,1,2,6,2
1363,12,0,2,0,0,0,1,5,4,3
1364,0,1,1,1,1,1,1,4,10,3
1365,10,1,1,0,0,0,1,4,10,6
1366,11,3,3,1,0,1,1,2,5,2
1367,0,3,2,1,1,1,1,3,3,2
1368,14,2,2,0,0,1,1,4,7,8
1369,5,3,2,1,0,1,1,4,8,2
1370,16,1,4,1,0,1,1,4,6,5
1371,20,0,0,1,0,1,1,2,9,4
1372,11,3,0,0,1,1,1,2,2,1
1373,2,0,3,0,0,1,1,4,7,7
1374,9,2,0,1,0,1,1,3,0,2
1375,17,1,3,0,1,0,1,1,5,5
1376,7,1,0,0,1,0,1,5,6,5
1377,11,1,1,1,1,0,1,3,7,5
1378,20,3,0,0,0,0,1,2,3,10
1379,19,1,0,0,1,0,1,3,9,2
1380,0,1,2,0,1,0,1,1,7,3
1381,12,2,0,1,0,1,1,1,2,3
1382,3,0,2,1,1,0,1,1,8,5
1383,14,0,3,0,1,1,1,1,6,2
1384,2,1,3,0,1,1,1,5,8,2
1385,7,0,3,0,1,0,1,2,6,6
1386,14,1,4,1,0,0,1,3,5,5
1387,10,0,2,1,1,1,1,4,2,6
1388,4,1,0,0,1,0,1,3,5,0
1389,6,2,4,0,0,0,1,3,2,7
1390,0,0,1,1,0,1,1,1,7,1
1391,12,2,4,1,0,0,1,3,5,6
1392,0,2,3,1,1,0,1,1,9,8
1393,15,3,1,0,1,1,1,1,8,1
1394,3,3,3,1,0,0,1,5,3,4
1395,1,0,3,0,1,0,1,1,8,7
1396,6,1,3,1,0,1,1,5,3,5
1397,9,2,4,1,0,0,1,4,3,9
1398,19,3,4,0,0,1,1,2,7,10
1399,0,2,4,0,0,0,1,2,6,2
1400,10,3,4,1,1,0,1,1,9,8
1401,15,2,4,0,1,0,1,1,7,6
1402,6,2,2,0,0,1,1,5,8,8
1403,18,2,3,0,0,0,1,4,10,2
1404,9,1,2,1,0,1,1,2,1,9
1405,2,0,1,1,1,0,1,5,4,1
1406,15,3,3,0,1,0,1,4,5,7
1407,18,3,4,1,1,0,1,4,3,8
1408,9,2,1,0,1,0,1,3,5,1
1409,5,1,3,1,1,0,1,1,10,8
1410,8,1,4,0,0,1,1,5,8,4
1411,9,0,0,0,0,1,1,2,2,9
1412,5,3,4,1,1,1,1,1,9,7
1413,9,0,0,1,1,0,1,1,9,1
1414,4,0,3,0,0,0,1,5,10,6
1415,16,1,1,0,0,1,1,3,3,9
1416,10,3,0,0,1,1,1,2,10,0
1417,11,0,0,0,1,1,1,3,1,5
1418,11,0,4,1,0,1,1,4,9,3
1419,14,1,2,0,0,0,1,3,4,10
1420,8,1,3,1,1,1,1,5,9,5
1421,19,3,2,1,1,1,1,3,2,6
1422,11,0,2,1,1,1,1,2,4,3
1423,9,2,2,0,0,1,1,3,1,8
1424,3,0,4,1,0,1,1,5,3,1
1425,9,1,0,1,1,1,1,3,2,10
1426,13,3,4,0,1,1,1,5,8,6
1427,0,2,0,1,0,0,1,4,8,9
1428,15,1,1,1,0,0,1,5,9,5
1429,15,2,1,1,1,0,1,4,6,3
1430,14,2,3,1,1,1,1,2,0,7
1431,11,2,1,0,1,0,1,5,2,6
1432,10,0,1,0,0,1,1,2,2,0
1433,14,3,2,0,1,1,1,3,10,0
1434,10,2,3,0,1,1,1,1,6,1
1435,2,2,0,0,0,1,1,5,4,7
1436,18,0,4,0,0,1,1,5,10,2
1437,16,0,2,0,1,0,1,2,3,2
1438,4,1,0,1,1,0,1,5,1,2
1439,17,1,1,0,1,1,1,2,10,4
1440,0,2,4,1,0,0,1,3,5,0
1441,6,3,1,1,1,0,1,4,7,8
1442,5,2,3,0,0,0,1,1,1,1
1443,15,3,0,1,1,0,1,1,4,2
1444,11,1,0,1,0,1,1,3,6,9
1445,0,3,2,0,0,0,1,5,7,4
1446,6,3,4,0,1,0,1,3,1,4
1447,1,3,0,1,1,1,1,4,1,5
1448,5,3,1,0,1,1,1,1,5,6
1449,8,2,2,0,0,1,1,5,6,6
1450,13,2,0,1,1,0,1,1,10,5
1451,8,1,0,1,0,1,1,4,3,6
1452,20,0,4,0,0,1,1,3,10,4
1453,16,1,2,0,1,0,1,4,2,1
1454,4,2,4,1,0,1,1,4,6,1
1455,2,2,0,1,0,0,1,1,9,3
1456,8,0,2,1,1,1,1,3,2,10
1457,14,0,4,1,1,1,1,4,1,10
1458,6,3,2,1,1,0,1,4,3,1
1459,20,2,2,1,1,0,1,4,9,0
1460,3,3,0,1,1,0,1,2,1,5
1461,8,2,3,0,0,0,1,4,10,10
1462,12,1,0,1,0,1,1,3,8,5
1463,3,2,1,0,0,0,1,5,10,7
1464,17,2,3,0,0,1,1,4,9,0
1465,11,3,3,0,1,1,1,3,0,6
1466,5,3,2,0,0,1,1,2,10,0
1467,8,1,4,1,0,1,1,4,8,2
1468,19,3,4,1,1,0,1,5,7,9
1469,15,2,4,0,1,1,1,2,1,10
1470,19,3,2,1,0,0,1,4,3,8
1471,12,0,4,1,1,1,1,1,10,4
1472,14,3,0,0,0,0,1,3,2,7
1473,12,3,2,0,0,0,1,2,1,9
1474,0,3,1,1,1,0,1,2,5,4
1475,0,3,0,1,0,1,1,4,1,10
1476,12,0,2,0,1,1,1,3,3,3
1477,11,0,3,0,1,1,1,3,2,6
1478,2,0,3,1,0,0,1,3,9,6
1479,17,0,2,0,1,0,1,1,9,0
1480,10,1,0,0,0,1,1,3,10,5
1481,3,2,2,0,0,1,1,5,1,7
1482,11,0,4,1,0,0,1,3,7,5
1483,17,1,2,0,1,1,1,5,3,6
1484,13,2,4,0,1,0,1,5,6,9
1485,18,2,3,0,0,0,1,5,2,2
1486,12,3,2,0,1,1,1,3,0,3
1487,12,3,4,0,0,0,1,2,0,3
1488,20,0,2,1,0,0,1,4,5,4
1489,0,1,2,1,0,1,1,5,7,4
1490,7,0,4,1,1,1,1,1,4,10
1491,7,2,4,0,0,1,1,2,6,0
1492,19,0,0,0,0,0,1,4,5,5
1493,9,3,2,0,0,1,1,3,3,8
1494,13,1,3,0,1,0,1,5,6,1
1495,20,3,2,0,1,1,1,5,4,6
1496,20,1,2,0,0,0,1,1,1,2
1497,13,0,4,1,1,1,1,4,1,10
1498,19,0,2,0,0,0,1,1,3,3
1499,4,1,4,1,1,1,1,1,6,4
1500,7,0,0,1,1,1,1,3,1,0
1501,10,0,0,1,0,1,1,1,9,5
1502,4,1,0,1,1,1,1,3,9,5
1503,7,1,0,0,1,0,1,5,8,9
1504,2,1,3,0,0,1,1,5,0,0
1505,1,0,4,1,0,0,1,4,8,0
1506,4,2,3,0,1,0,1,2,3,3
1507,0,2,4,0,1,1,1,2,6,0
1508,17,2,4,0,0,0,1,2,9,4
1509,11,3,0,0,0,1,1,3,10,3
1510,2,3,3,1,0,0,1,5,2,8
1511,8,3,4,1,0,1,1,4,6,7
1512,13,0,1,0,0,1,1,4,0,8
1513,4,0,4,1,0,0,1,3,6,5
1514,19,3,3,0,1,1,1,4,3,9
1515,9,1,0,0,1,0,1,1,10,3
1516,16,0,0,1,1,1,1,4,9,6
1517,6,1,3,1,0,1,1,5,1,6
1518,20,3,3,1,0,1,1,3,0,1
1519,19,1,1,0,0,1,1,2,3,3
1520,4,1,3,1,1,1,1,3,8,9
1521,3,1,4,1,0,1,1,3,8,7
1522,14,0,2,0,1,0,1,1,9,1
1523,5,2,2,1,0,1,1,2,0,2
1524,14,0,0,0,0,1,1,2,7,7
1525,2,2,4,0,0,0,1,2,1,9
1526,8,3,0,1,1,1,1,2,4,10
1527,0,0,4,1,0,1,1,5,10,0
1528,4,1,3,0,1,1,1,2,6,4
1529,11,0,4,0,1,0,1,2,8,6
1530,5,3,4,1,1,1,1,3,4,2
1531,16,3,3,0,1,1,1,3,3,4
1532,2,1,0,1,1,1,1,2,2,10
1533,13,2,2,1,1,0,1,3,3,0
1534,13,1,2,0,1,1,1,5,3,9
1535,18,1,2,0,1,1,1,5,2,1
1536,10,0,4,0,1,0,1,3,7,3
1537,18,1,2,0,0,0,1,3,2,8
1538,20,1,4,1,1,1,1,1,0,2
1539,16,0,3,0,1,1,1,1,0,2
1540,8,3,1,0,0,0,1,4,3,8
1541,13,3,2,1,0,0,1,2,6,8
1542,8,0,1,1,1,1,1,4,7,6
1543,16,0,2,1,0,1,1,4,4,7
1544,2,1,1,1,1,0,1,1,5,8
1545,4,2,4,0,0,1,1,1,4,4
1546,5,0,0,0,0,1,1,4,1,1
1547,4,3,0,1,0,0,1,2,7,0
1548,16,2,0,0,1,1,1,5,0,5
1549,4,1,1,1,0,1,1,3,3,0
1550,12,0,2,1,1,1,1,2,10,1
1551,19,3,2,0,1,1,1,1,8,8
1552,16,1,2,0,0,1,1,2,4,4
1553,3,3,2,1,0,1,1,1,6,7
1554,18,3,1,0,0,0,1,4,7,6
1555,13,1,2,1,1,1,1,2,5,2
1556,5,1,0,0,1,1,1,5,1,1
1557,1,3,2,1,0,0,1,4,6,7
1558,9,0,3,1,1,1,1,1,1,7
1559,18,0,4,1,1,1,1,5,6,5
1560,2,0,0,0,0,1,1,1,4,7
1561,11,3,4,1,1,0,1,2,6,0
1562,13,1,4,0,1,0,1,2,8,1
1563,12,0,3,0,1,1,1,2,8,8
1564,13,3,0,1,0,1,1,1,10,8
1565,6,1,1,1,1,0,1,3,0,9
1566,17,0,3,1,1,1,1,2,6,3
1567,7,3,1,1,0,0,1,1,7,8
1568,4,2,1,1,1,1,1,1,6,8
1569,8,2,2,1,0,0,1,4,7,0
1570,17,0,1,0,1,1,1,1,10,0
1571,3,1,1,1,0,1,1,3,5,2
1572,15,3,2,1,0,0,1,5,7,4
1573,16,0,3,1,0,0,1,3,7,3
1574,10,1,4,0,0,1,1,2,7,1
1575,16,0,1,0,0,0,1,4,6,9
1576,13,3,2,0,0,1,1,1,2,10
1577,2,1,0,1,1,0,1,4,7,10
1578,11,0,3,0,1,0,1,2,8,2
1579,6,3,3,0,1,1,1,4,3,6
1580,16,2,2,0,1,1,1,5,6,8
1581,20,2,2,0,1,1,1,2,6,2
1582,9,1,0,0,0,1,1,5,4,9
1583,16,2,0,0,1,1,1,1,3,7
1584,18,0,4,1,0,0,1,4,1,8
1585,2,2,2,1,1,0,1,3,9,3
1586,0,0,0,0,0,1,1,4,1,7
1587,9,2,0,0,0,1,1,4,0,0
1588,8,1,0,1,1,0,1,2,4,3
1589,16,1,2,1,0,0,1,4,10,6
1590,11,3,3,0,1,0,1,2,3,5
1591,14,3,0,0,0,1,1,1,1,5
1592,0,2,0,1,1,0,1,5,0,8
1593,13,2,2,1,1,0,1,1,9,6
1594,7,3,3,1,0,1,1,1,6,5
1595,11,0,3,1,0,0,1,3,10,1
1596,20,0,1,1,1,0,1,4,10,0
1597,7,2,2,0,0,1,1,2,1,6
1598,10,2,4,1,0,0,1,2,9,8
1599,15,0,0,1,0,0,1,3,1,0
1600,8,1,1,0,0,0,1,1,7,6
1601,7,3,2,0,0,0,1,5,2,1
1602,0,2,4,0,0,0,1,3,10,7
1603,0,0,4,1,1,0,1,3,8,8
1604,17,1,4,1,1,1,1,3,1,5
1605,1,2,0,1,0,1,1,5,1,5
1606,16,0,3,1,1,1,1,3,10,9
1607,19,2,2,0,1,0,1,5,6,3
1608,1,0,0,0,1,1,1,2,0,2
1609,8,3,1,1,0,0,1,5,1,5
1610,6,3,1,1,1,0,1,5,3,5
1611,1,3,3,1,1,0,1,5,8,6
1612,11,1,2,1,0,0,1,4,7,9
1613,7,0,3,0,0,1,1,1,3,3
1614,20,2,1,0,1,0,1,1,2,10
1615,12,1,2,0,0,1,1,4,2,0
1616,1,1,0,0,1,1,1,3,8,9
1617,17,2,3,1,1,1,1,4,6,0
1618,19,0,3,1,0,1,1,1,2,5
1619,1,0,4,1,1,1,1,5,10,3
1620,4,1,4,1,0,0,1,5,9,5
1621,1,1,3,1,0,0,1,2,0,9
1622,7,2,2,1,1,1,1,5,5,2
1623,0,3,4,0,1,1,1,5,1,6
1624,15,3,3,0,1,0,1,1,2,9
1625,3,2,2,1,1,1,1,5,7,1
1626,7,0,1,0,1,0,1,2,6,1
1627,0,2,0,0,1,1,1,2,0,10
1628,0,2,1,0,0,0,1,5,3,6
1629,11,2,2,0,0,0,1,2,1,8
1630,20,3,3,0,1,1,1,1,7,5
1631,6,3,0,1,1,1,1,4,5,1
1632,1,3,2,1,1,0,1,5,0,0
1633,4,2,3,1,1,1,1,3,8,8
1634,5,2,4,1,0,1,1,2,4,2
1635,15,3,3,1,0,1,1,5,6,1
1636,18,3,4,0,0,1,1,1,10,10
1637,7,3,1,0,1,1,1,2,4,6
1638,20,2,1,0,0,0,1,2,0,0
1639,16,3,0,0,0,0,1,3,3,4
1640,16,2,1,1,0,1,1,1,2,0
1641,5,3,1,0,1,0,1,5,3,0
1642,8,0,0,1,1,1,1,2,5,0
1643,16,0,3,1,1,0,1,5,2,2
1644,10,2,3,0,1,1,1,2,8,0
1645,6,3,4,0,0,0,1,3,5,8
1646,16,0,0,1,1,0,1,2,7,10
1647,7,0,4,0,0,0,1,3,7,5
1648,20,2,0,1,0,0,1,4,7,5
1649,15,1,1,1,0,1,1,2,10,6
1650,10,1,3,0,1,0,1,5,7,0
1651,7,3,3,0,1,1,1,1,1,3
1652,17,2,3,0,1,1,1,3,7,4
1653,6,1,3,1,1,1,1,3,6,5
1654,9,3,4,0,1,1,1,4,9,4
1655,19,1,4,0,1,0,1,3,0,3
1656,4,0,0,1,0,1,1,2,4,3
1657,12,3,1,0,0,1,1,2,5,10
1658,0,1,4,0,1,1,1,3,7,7
1659,10,2,1,0,1,0,1,2,3,7
1660,15,2,4,0,0,1,1,5,5,3
1661,12,1,3,1,0,1,1,1,8,6
1662,11,1,3,1,0,1,1,2,2,7
1663,17,1,2,1,0,0,1,5,9,5
1664,14,1,1,1,1,0,1,1,6,0
1665,7,1,1,0,0,1,1,4,0,4
1666,8,2,0,1,1,1,1,1,3,9
1667,6,3,1,0,1,1,1,5,0,5
1668,20,2,1,0,1,1,1,1,5,6
1669,17,3,1,0,0,0,1,3,4,5
1670,16,0,1,1,1,1,1,5,4,5
1671,17,2,0,1,0,0,1,3,10,0
1672,2,1,2,1,1,1,1,1,3,9
1673,12,1,3,1,1,0,1,2,6,0
1674,20,2,4,0,1,0,1,1,5,3
1675,5,1,2,1,1,1,1,2,6,1
1676,17,3,1,0,0,0,1,4,6,9
1677,20,0,1,0,0,0,1,1,8,2
1678,5,1,4,0,1,1,1,1,7,3
1679,19,2,1,1,1,1,1,5,5,7
1680,7,3,0,0,1,1,1,5,7,8
1681,15,2,4,0,1,0,1,4,8,3
1682,2,1,3,0,0,0,1,3,5,0
1683,10,1,4,1,0,0,1,1,3,0
1684,16,2,2,1,0,0,1,3,9,2
1685,18,1,1,1,1,0,1,4,8,10
1686,14,3,2,0,0,0,1,4,3,3
1687,13,0,1,0,0,0,1,5,10,5
1688,8,3,4,0,0,0,1,4,1,8
1689,20,2,3,1,1,1,1,4,3,9
1690,3,3,4,0,0,1,1,4,7,4
1691,2,0,3,0,0,1,1,1,4,9
1692,0,0,2,0,0,1,1,5,0,8
1693,4,2,3,1,1,0,1,2,4,9
1694,2,3,2,0,1,1,1,5,2,5
1695,7,3,2,0,1,1,1,5,9,7
1696,15,1,4,0,0,1,1,3,10,9
1697,1,1,2,1,0,1,1,4,9,7
1698,14,1,0,0,1,0,1,3,4,6
1699,19,2,2,0,1,0,1,5,8,0
1700,2,3,1,1,1,0,1,4,1,0
1701,13,1,2,1,0,1,1,3,3,10
1702,13,1,3,1,0,1,1,3,0,6
1703,9,2,3,0,1,0,1,5,7,2
1704,1,1,4,1,1,1,1,4,10,3
1705,8,3,1,1,0,0,1,2,0,3
1706,20,0,3,0,0,1,1,5,1,1
1707,12,1,4,1,0,1,1,2,7,9
1708,1,0,1,0,1,1,1,2,8,9
1709,8,0,3,0,1,1,1,5,2,2
1710,7,2,1,0,0,0,1,1,8,8
1711,13,2,1,0,0,0,1,4,2,0
1712,19,1,4,0,0,0,1,4,6,2
1713,15,1,3,1,1,1,1,3,1,8
1714,19,0,0,0,0,1,1,5,8,3
1715,12,0,1,0,0,1,1,4,3,4
1716,19,3,1,0,0,1,1,1,1,8
1717,7,0,4,0,1,0,1,1,2,8
1718,5,0,0,0,0,0,1,2,7,9
1719,9,2,4,1,1,0,1,5,7,2
1720,20,2,2,1,0,1,1,1,3,4
1721,8,2,0,1,1,0,1,3,1,0
1722,4,0,0,1,1,1,1,5,0,6
1723,2,2,0,1,0,0,1,2,0,6
1724,9,1,3,1,1,0,1,4,9,7
1725,2,2,2,0,1,1,1,4,9,0
1726,3,3,2,1,1,1,1,4,3,6
1727,6,3,0,1,0,0,1,4,3,9
1728,4,1,2,0,0,0,1,2,10,4
1729,11,1,0,0,1,0,1,3,6,3
1730,19,0,4,1,1,0,1,2,3,6
1731,13,2,3,1,0,1,1,1,1,2
1732,3,2,0,0,0,1,1,3,4,2
1733,17,1,3,1,0,0,1,2,5,10
1734,7,1,2,1,0,1,1,2,4,10
1735,16,0,0,0,1,1,1,3,3,4
1736,10,0,4,1,0,0,1,1,5,1
1737,3,3,0,1,1,0,1,5,8,7
1738,18,0,4,0,0,0,1,4,3,3
1739,10,0,4,0,0,0,1,2,0,9
1740,9,3,2,0,0,1,1,3,1,0
1741,3,3,3,1,0,1,1,4,0,6
1742,12,2,4,1,1,1,1,1,1,10
1743,11,3,3,1,1,0,1,3,8,0
1744,3,0,2,1,0,0,1,2,0,9
1745,19,2,4,0,1,0,1,4,8,7
1746,4,0,4,0,1,1,1,5,7,10
1747,15,3,4,1,1,1,1,5,9,6
1748,4,0,3,0,0,1,1,3,0,8
1749,19,3,1,0,1,1,1,3,1,0
1750,7,0,0,1,0,0,1,2,9,1
1751,1,1,3,1,1,0,1,2,3,0
1752,10,3,3,1,1,1,1,4,10,1
1753,0,0,2,1,0,0,1,4,6,0
1754,9,3,1,1,0,1,1,5,10,5
1755,10,3,4,0,1,0,1,2,0,9
1756,0,1,0,1,1,1,1,5,4,3
1757,18,0,3,1,0,0,1,4,10,10
1758,4,2,0,0,1,0,1,4,0,5
1759,5,2,3,0,0,1,1,4,7,7
1760,3,2,0,1,1,0,1,4,6,8
1761,12,2,0,1,1,0,1,3,0,9
1762,2,0,0,0,0,1,1,2,10,2
1763,0,0,3,1,0,1,1,2,7,5
1764,15,1,4,1,1,1,1,1,1,10
1765,1,2,0,0,1,0,1,3,3,10
1766,11,0,2,1,1,1,1,2,7,10
1767,15,1,3,1,1,1,1,1,2,8
1768,18,1,0,0,1,1,1,5,0,10
1769,8,2,0,1,1,1,1,1,9,9
1770,15,3,0,0,1,1,1,3,6,0
1771,20,0,3,1,1,1,1,3,6,1
1772,20,3,0,1,0,1,1,1,5,8
1773,4,0,2,0,1,0,1,5,9,7
1774,1,3,2,1,0,0,1,3,3,9
1775,1,3,4,0,0,1,1,5,6,9
1776,2,3,4,1,0,0,1,1,9,6
1777,19,3,3,1,0,0,1,2,1,0
1778,6,1,4,1,1,0,1,1,7,1
1779,10,2,0,0,0,0,1,2,1,7
1780,13,0,4,0,0,0,1,5,9,4
1781,17,3,1,0,0,0,1,1,2,7
1782,5,1,0,1,0,1,1,4,6,6
1783,10,2,2,1,0,1,1,4,3,6
1784,13,2,0,0,0,0,1,2,10,8
1785,20,1,2,0,0,1,1,3,8,0
1786,3,1,0,0,0,1,1,5,3,5
1787,4,2,1,0,1,1,1,2,9,6
1788,17,2,4,1,1,1,1,2,10,3
1789,2,2,2,0,0,0,1,2,3,6
1790,17,0,1,0,1,0,1,2,7,2
1791,13,2,0,1,0,1,1,2,1,0
1792,5,2,4,0,0,1,1,4,9,1
1793,9,0,4,1,0,1,1,1,9,5
1794,10,0,3,0,0,0,1,3,8,7
1795,16,0,3,0,0,0,1,2,3,0
1796,0,2,2,0,1,0,1,2,3,4
1797,2,3,4,1,0,1,1,1,10,8
1798,15,3,3,1,1,0,1,3,4,6
1799,11,2,4,1,0,0,1,5,5,10
1800,20,3,0,0,0,1,1,5,10,5
1801,20,0,0,0,0,1,1,5,9,2
1802,8,1,0,0,0,1,1,3,1,5
1803,6,2,4,0,0,0,1,3,4,1
1804,18,3,1,1,0,1,1,4,2,7
1805,3,1,1,1,0,0,1,3,0,7
1806,20,3,2,0,0,1,1,5,3,10
1807,11,2,0,0,1,0,1,3,8,7
1808,14,2,4,1,1,1,1,1,6,10
1809,10,2,2,0,0,1,1,3,5,8
1810,7,3,0,1,0,1,1,4,9,1
1811,6,2,3,1,1,0,1,3,7,4
1812,6,1,3,1,0,1,1,2,9,1
1813,10,0,2,1,1,0,1,2,3,2
1814,8,1,0,1,1,1,1,4,2,4
1815,8,0,1,1,1,1,1,3,10,8
1816,1,0,4,1,1,0,1,4,10,4
1817,13,0,4,0,0,0,1,3,3,1
1818,9,2,2,0,0,0,1,4,7,9
1819,15,2,1,0,1,1,1,4,6,5
1820,5,0,0,0,1,1,1,5,9,5
1821,1,0,1,0,0,0,1,5,2,9
1822,5,0,3,0,1,0,1,1,5,0
1823,3,3,1,0,1,1,1,4,9,7
1824,4,1,2,0,0,0,1,4,4,3
1825,17,0,2,1,0,0,1,1,4,1
1826,12,2,4,1,1,1,1,1,5,9
1827,20,1,3,0,0,0,1,5,1,9
1828,4,1,2,1,1,1,1,1,0,9
1829,4,0,1,0,0,0,1,4,5,0
1830,18,2,3,0,0,1,1,2,6,3
1831,18,2,4,1,1,0,1,4,4,7
1832,2,2,2,0,0,0,1,4,9,8
1833,8,0,0,0,1,0,1,4,7,1
1834,0,1,1,1,0,1,1,4,2,3
1835,11,0,4,1,0,0,1,4,7,7
1836,5,1,2,0,0,1,1,5,0,8
1837,9,1,4,1,1,0,1,1,10,2
1838,6,1,2,0,0,0,1,2,7,3
1839,1,3,0,0,1,0,1,5,8,6
1840,11,3,1,1,0,0,1,4,8,4
1841,10,2,0,0,1,1,1,5,7,4
1842,19,1,2,1,0,0,1,2,1,3
1843,19,2,3,1,1,0,1,5,4,7
1844,4,1,2,0,0,0,1,2,6,6
1845,3,2,1,1,0,1,1,3,1,2
1846,9,3,0,1,0,0,1,3,9,1
1847,10,3,3,1,1,1,1,2,4,7
1848,5,2,2,0,0,0,1,2,10,3
1849,15,1,1,0,1,1,1,3,4,2
1850,12,2,3,1,1,1,1,3,1,8
1851,0,1,1,1,0,0,1,1,6,4
1852,20,0,0,0,1,1,1,3,4,4
1853,3,1,1,1,1,1,1,2,5,8
1854,10,1,0,0,1,0,1,5,4,5
1855,18,2,4,0,1,0,1,5,6,6
1856,2,3,3,1,0,1,1,1,9,9
1857,19,0,2,1,1,0,1,3,10,10
1858,18,0,1,0,0,0,1,4,9,5
1859,7,0,2,0,0,0,1,5,3,0
1860,13,3,3,1,1,0,1,2,7,1
1861,11,1,3,0,0,0,1,4,8,1
1862,0,0,4,1,0,0,1,5,9,10
1863,11,1,1,1,1,0,1,1,4,3
1864,9,1,3,0,0,0,1,4,2,7
1865,20,3,0,0,0,0,1,4,7,8
1866,16,2,3,0,1,0,1,4,4,0
1867,19,1,3,1,1,0,1,1,0,4
1868,13,0,4,1,0,1,1,1,10,9
1869,2,2,2,1,0,0,1,4,3,10
1870,16,1,3,0,1,0,1,4,4,3
1871,15,1,4,1,1,1,1,2,7,2
1872,17,2,3,0,1,1,1,1,2,10
1873,18,0,4,0,1,0,1,5,4,10
1874,1,1,2,1,0,1,1,1,8,10
1875,6,3,1,0,0,1,1,5,0,1
1876,4,3,0,1,0,0,1,5,5,2
1877,0,0,0,0,1,1,1,3,6,2
1878,16,1,3,0,0,0,1,4,3,1
1879,16,3,3,0,1,0,1,2,4,6
1880,7,3,0,1,1,0,1,5,0,9
1881,1,1,1,0,1,0,1,4,9,1
1882,18,0,3,0,0,0,1,2,0,3
1883,5,0,0,0,0,1,1,1,0,2
1884,16,0,2,0,0,0,1,2,3,3
1885,11,0,2,1,0,0,1,1,2,10
1886,20,1,1,0,1,1,1,5,6,7
1887,0,1,4,1,0,0,1,1,10,7
1888,2,1,2,0,1,1,1,3,5,7
1889,10,0,4,0,0,0,1,5,5,8
1890,10,0,0,1,1,0,1,3,4,2
1891,0,2,2,0,1,1,1,1,5,4
1892,2,2,4,1,1,0,1,4,8,0
1893,8,2,3,1,1,1,1,4,2,6
1894,15,3,0,1,0,0,1,4,2,0
1895,6,1,0,0,1,0,1,4,0,0
1896,9,1,2,0,0,1,1,4,0,4
1897,16,2,0,1,0,0,1,3,7,3
1898,18,0,3,1,1,0,1,1,4,1
1899,3,2,4,1,0,0,1,1,5,7
1900,3,2,0,1,1,0,1,2,3,8
1901,19,1,1,1,1,0,1,5,5,9
1902,17,3,4,0,0,1,1,3,3,0
1903,7,0,4,1,0,0,1,3,7,5
1904,9,3,1,1,1,1,1,3,3,3
1905,0,3,3,0,1,0,1,4,0,6
1906,11,3,4,1,0,1,1,3,2,0
1907,1,3,4,0,0,0,1,2,7,7
1908,4,0,2,1,0,1,1,2,5,8
1909,20,1,3,1,0,0,1,2,10,7
1910,1,1,0,1,0,1,1,2,3,4
1911,18,1,3,1,1,1,1,4,8,7
1912,10,3,0,1,0,1,1,5,8,0
1913,15,2,2,0,1,1,1,2,3,3
1914,1,2,0,1,1,1,1,2,2,6
1915,10,2,0,0,0,1,1,2,8,5
1916,14,3,4,0,0,0,1,2,5,3
1917,0,2,4,0,0,1,1,4,2,10
1918,14,1,1,0,1,0,1,2,4,1
1919,4,0,2,0,0,0,1,1,7,3
1920,15,3,0,1,0,0,1,1,10,7
1921,2,0,1,1,1,1,1,5,4,3
1922,14,1,3,1,1,1,1,2,0,2
1923,15,0,4,1,1,0,1,3,2,10
1924,8,0,2,0,1,0,1,5,1,10
1925,6,1,3,1,1,0,1,2,5,0
1926,20,1,4,0,1,0,1,3,4,10
1927,16,1,3,1,1,0,1,4,6,8
1928,11,2,3,0,0,1,1,3,1,6
1929,20,3,0,0,0,0,1,4,8,9
1930,8,1,3,0,1,1,1,2,3,10
1931,6,0,3,0,0,1,1,3,1,9
1932,2,3,2,0,0,0,1,5,9,4
1933,19,1,0,0,1,0,1,3,10,1
1934,10,3,3,1,1,1,1,2,7,2
1935,18,2,2,1,0,0,1,2,0,5
1936,18,0,2,1,0,1,1,3,0,6
1937,17,3,1,1,1,0,1,3,7,5
1938,19,0,3,1,1,0,1,5,6,10
1939,15,0,0,0,1,0,1,3,10,5
1940,7,3,1,0,1,0,1,1,1,8
1941,7,0,1,1,1,1,1,3,7,0
1942,9,2,2,1,1,1,1,4,9,3
1943,13,0,0,1,1,0,1,3,5,10
1944,14,2,3,0,0,1,1,3,2,4
1945,11,0,1,1,1,1,1,5,1,4
1946,4,1,0,0,0,0,1,4,0,1
1947,19,2,4,1,1,1,1,2,2,9
1948,19,1,3,0,0,1,1,3,5,7
1949,4,2,0,0,0,0,1,5,8,2
1950,1,3,0,0,0,0,1,1,3,9
1951,6,0,1,1,1,0,1,5,4,6
1952,15,1,2,0,1,1,1,5,4,9
1953,6,2,1,1,0,0,1,2,6,5
1954,11,3,0,0,1,1,1,3,5,9
1955,1,1,2,0,0,1,1,3,9,9
1956,3,0,2,0,0,0,1,4,0,4
1957,18,1,3,0,1,1,1,3,3,6
1958,3,0,0,0,1,1,1,3,5,10
1959,0,0,4,0,1,1,1,3,3,2
1960,15,0,0,1,0,1,1,2,5,4
1961,1,2,4,1,0,0,1,5,10,1
1962,2,0,2,0,0,1,1,1,9,5
1963,12,3,3,1,1,0,1,4,1,4
1964,8,2,0,1,1,0,1,3,7,8
1965,0,3,0,0,1,1,1,1,9,7
1966,15,1,4,1,1,0,1,3,3,1
1967,16,0,4,0,0,1,1,2,3,10
1968,4,3,3,1,1,0,1,4,9,2
1969,19,2,0,0,1,1,1,1,5,10
1970,2,1,3,1,0,1,1,3,0,4
1971,0,3,2,1,1,0,1,5,9,1
1972,7,2,2,0,1,0,1,5,0,0
1973,18,2,2,1,0,0,1,4,10,6
1974,6,2,4,1,1,1,1,4,0,4
1975,10,1,3,1,1,1,1,4,9,8
1976,9,3,4,1,1,1,1,1,2,2
1977,15,0,2,1,1,0,1,3,4,10
1978,5,2,2,1,0,0,1,3,8,6
1979,9,0,3,1,0,0,1,4,6,6
1980,5,0,2,1,1,1,1,4,2,8
1981,15,1,0,0,0,0,1,1,7,5
1982,9,1,1,0,1,1,1,3,9,5
1983,15,3,3,0,0,1,1,2,3,3
1984,5,0,1,0,1,1,1,3,2,9
1985,1,2,0,0,1,1,1,5,10,7
1986,18,1,1,0,1,1,1,1,7,7
1987,13,0,3,1,0,1,1,5,9,9
1988,4,0,3,1,0,0,1,5,7,10
1989,10,1,4,0,0,1,1,2,10,9
1990,20,3,2,1,0,0,1,1,3,5
1991,0,2,2,0,0,1,1,5,7,9
1992,0,0,2,1,1,1,1,3,5,9
1993,0,1,1,0,0,0,1,5,2,7
1994,3,3,3,1,1,1,1,4,2,3
1995,13,2,3,0,1,1,1,1,4,7
1996,11,3,1,0,1,0,1,4,7,10
1997,9,0,1,0,1,1,1,3,5,0
1998,9,1,2,1,1,1,1,3,3,7
1999,12,2,2,1,0,0,1,1,10,8
2000,3,2,4,1,0,0,1,1,0,3
